x1,x2,y1,y2,gi,gj
6237.0,7638.0,441.0,3051.0,469.0,0.0
7638.0,9039.0,441.0,3051.0,469.0,1.0
9039.0,10446.0,441.0,3051.0,470.0,0.0
1302.0,3090.0,2757.0,3981.0,465.0,0.0
3090.0,4881.0,2757.0,3981.0,466.0,0.0
3333.0,4782.0,759.0,2757.0,467.0,0.0
4782.0,6237.0,759.0,2757.0,468.0,0.0
4881.0,6225.0,2757.0,3753.0,464.0,0.0
10665.0,11064.0,441.0,2985.0,463.0,0.0
2226.0,3333.0,942.0,1815.0,462.0,0.0
186.0,1302.0,3252.0,3933.0,461.0,0.0
6225.0,7701.0,3051.0,3522.0,460.0,0.0
2328.0,3333.0,2313.0,2757.0,459.0,0.0
10446.0,10566.0,441.0,3036.0,458.0,0.0
7701.0,9060.0,3051.0,3198.0,456.0,0.0
7083.0,7863.0,219.0,441.0,455.0,0.0
3036.0,3333.0,1815.0,2313.0,454.0,0.0
4431.0,6237.0,624.0,759.0,457.0,0.0
882.0,1302.0,2925.0,3252.0,453.0,0.0
2574.0,2943.0,1962.0,2313.0,452.0,0.0
1611.0,2328.0,2592.0,2757.0,450.0,0.0
6225.0,6831.0,3522.0,3723.0,451.0,0.0
4881.0,5481.0,3753.0,3939.0,449.0,0.0
2100.0,2190.0,585.0,1815.0,448.0,0.0
2346.0,4236.0,3981.0,4026.0,447.0,0.0
5931.0,6198.0,369.0,624.0,444.0,0.0
10566.0,10665.0,2235.0,3027.0,446.0,0.0
504.0,882.0,3087.0,3252.0,443.0,0.0
48.0,186.0,3381.0,3927.0,445.0,0.0
3003.0,3276.0,726.0,942.0,440.0,0.0
5565.0,5844.0,408.0,624.0,442.0,0.0
6651.0,6996.0,267.0,441.0,441.0,0.0
2625.0,2916.0,759.0,942.0,438.0,0.0
1977.0,2328.0,2439.0,2592.0,439.0,0.0
9060.0,9654.0,3051.0,3135.0,437.0,0.0
7302.0,7527.0,0.0,219.0,436.0,0.0
5187.0,5478.0,459.0,624.0,434.0,0.0
7701.0,8412.0,3198.0,3267.0,435.0,0.0
0.0,48.0,3009.0,3924.0,432.0,0.0
6870.0,7017.0,0.0,267.0,431.0,0.0
4833.0,5100.0,495.0,624.0,429.0,0.0
3729.0,4014.0,630.0,759.0,430.0,0.0
4101.0,4371.0,588.0,759.0,433.0,0.0
6285.0,6564.0,318.0,441.0,428.0,0.0
2841.0,2943.0,492.0,759.0,426.0,0.0
5406.0,5496.0,174.0,459.0,423.0,0.0
2196.0,2256.0,2022.0,2439.0,420.0,0.0
2268.0,2535.0,843.0,942.0,425.0,0.0
4677.0,4767.0,267.0,543.0,418.0,0.0
2190.0,2226.0,948.0,1815.0,427.0,0.0
6018.0,6270.0,129.0,231.0,424.0,0.0
3480.0,3642.0,603.0,759.0,422.0,0.0
6396.0,6633.0,81.0,186.0,419.0,0.0
5679.0,5919.0,174.0,276.0,417.0,0.0
1833.0,1890.0,2187.0,2592.0,412.0,0.0
3948.0,4047.0,363.0,606.0,416.0,0.0
3444.0,3720.0,447.0,531.0,413.0,0.0
3084.0,3345.0,492.0,588.0,421.0,0.0
579.0,825.0,2856.0,2946.0,408.0,0.0
1476.0,1566.0,2352.0,2583.0,406.0,0.0
2904.0,3894.0,4026.0,4050.0,415.0,0.0
4458.0,4746.0,546.0,624.0,411.0,0.0
4191.0,4449.0,363.0,450.0,410.0,0.0
4902.0,5181.0,267.0,351.0,414.0,0.0
2373.0,2604.0,585.0,681.0,409.0,0.0
366.0,465.0,2856.0,3063.0,405.0,0.0
975.0,1185.0,2685.0,2787.0,407.0,0.0
2412.0,2574.0,2022.0,2127.0,401.0,0.0
753.0,861.0,2685.0,2856.0,404.0,0.0
5481.0,5577.0,3753.0,3930.0,400.0,0.0
7701.0,7815.0,3267.0,3426.0,403.0,0.0
1113.0,1224.0,2526.0,2685.0,402.0,0.0
9654.0,10107.0,3051.0,3087.0,398.0,0.0
2049.0,2196.0,2187.0,2298.0,399.0,0.0
1680.0,1833.0,2352.0,2448.0,396.0,0.0
6831.0,7362.0,3522.0,3552.0,397.0,0.0
813.0,1302.0,3933.0,3960.0,392.0,0.0
222.0,366.0,3009.0,3111.0,395.0,0.0
2460.0,2574.0,2205.0,2313.0,388.0,0.0
1314.0,1476.0,2526.0,2613.0,394.0,0.0
48.0,111.0,3009.0,3213.0,390.0,0.0
5280.0,5406.0,222.0,324.0,391.0,0.0
4536.0,4677.0,315.0,405.0,389.0,0.0
2394.0,2544.0,750.0,843.0,393.0,0.0
2256.0,2325.0,2022.0,2193.0,383.0,0.0
5784.0,5868.0,276.0,408.0,377.0,0.0
1890.0,1968.0,2187.0,2340.0,386.0,0.0
1857.0,2346.0,3981.0,4005.0,382.0,0.0
7155.0,7302.0,0.0,78.0,378.0,0.0
3816.0,3948.0,405.0,492.0,379.0,0.0
4950.0,5127.0,429.0,495.0,381.0,0.0
2190.0,2262.0,585.0,738.0,376.0,0.0
2694.0,2841.0,534.0,615.0,385.0,0.0
4218.0,4395.0,522.0,588.0,381.0,1.0
261.0,417.0,3183.0,3252.0,373.0,0.0
3363.0,3480.0,672.0,759.0,370.0,0.0
6729.0,6870.0,39.0,126.0,387.0,0.0
3120.0,3294.0,660.0,726.0,380.0,0.0
6504.0,6582.0,186.0,318.0,371.0,0.0
8412.0,8694.0,3198.0,3237.0,375.0,0.0
999.0,1302.0,2886.0,2925.0,384.0,0.0
6150.0,6216.0,231.0,369.0,367.0,0.0
6831.0,6927.0,3552.0,3663.0,372.0,0.0
723.0,795.0,2946.0,3087.0,369.0,0.0
1476.0,1524.0,2583.0,2757.0,364.0,0.0
7815.0,8016.0,3267.0,3309.0,365.0,0.0
5844.0,5931.0,498.0,624.0,374.0,0.0
2982.0,3036.0,1815.0,1968.0,362.0,0.0
9060.0,9372.0,3135.0,3165.0,368.0,0.0
4296.0,4467.0,315.0,363.0,361.0,0.0
5763.0,5940.0,129.0,174.0,355.0,0.0
1266.0,1476.0,2697.0,2736.0,360.0,0.0
6126.0,6294.0,81.0,129.0,358.0,0.0
1998.0,2196.0,2376.0,2418.0,363.0,0.0
3582.0,3693.0,531.0,603.0,356.0,0.0
3204.0,3372.0,447.0,492.0,345.0,0.0
5496.0,5541.0,174.0,348.0,351.0,0.0
2472.0,2631.0,534.0,585.0,359.0,0.0
5052.0,5151.0,351.0,429.0,349.0,0.0
5478.0,5565.0,537.0,624.0,347.0,0.0
7107.0,7302.0,153.0,198.0,366.0,0.0
3561.0,3738.0,405.0,447.0,344.0,0.0
2916.0,3003.0,858.0,942.0,339.0,0.0
5955.0,6111.0,297.0,348.0,354.0,0.0
6672.0,6870.0,204.0,246.0,363.0,1.0
3276.0,3333.0,801.0,942.0,357.0,0.0
1242.0,1302.0,2763.0,2886.0,342.0,0.0
6486.0,6660.0,39.0,81.0,340.0,0.0
5031.0,5196.0,222.0,267.0,343.0,0.0
4479.0,4677.0,486.0,525.0,350.0,0.0
4767.0,4818.0,267.0,411.0,341.0,0.0
6309.0,6474.0,249.0,297.0,353.0,0.0
6996.0,7083.0,351.0,441.0,352.0,0.0
906.0,1158.0,2856.0,2886.0,346.0,0.0
4236.0,4536.0,3981.0,4005.0,338.0,0.0
7527.0,7863.0,198.0,219.0,335.0,0.0
1632.0,1833.0,2529.0,2571.0,365.0,1.0
4320.0,4419.0,450.0,522.0,337.0,0.0
2943.0,2997.0,492.0,621.0,334.0,0.0
3222.0,3318.0,588.0,660.0,333.0,0.0
366.0,420.0,3063.0,3183.0,329.0,0.0
7017.0,7071.0,0.0,132.0,336.0,0.0
3321.0,3636.0,4050.0,4068.0,324.0,0.0
6198.0,6237.0,447.0,624.0,332.0,0.0
621.0,723.0,3021.0,3087.0,331.0,0.0
5682.0,5784.0,342.0,408.0,331.0,1.0
4881.0,5136.0,3939.0,3963.0,328.0,0.0
2943.0,2973.0,2028.0,2250.0,330.0,0.0
3747.0,3948.0,579.0,609.0,327.0,0.0
2496.0,2580.0,681.0,750.0,326.0,0.0
2649.0,2790.0,684.0,738.0,348.0,0.0
2373.0,2454.0,2181.0,2250.0,322.0,0.0
5304.0,5406.0,393.0,459.0,331.0,2.0
4131.0,4218.0,501.0,567.0,325.0,0.0
144.0,186.0,3252.0,3381.0,319.0,0.0
4047.0,4089.0,363.0,498.0,323.0,0.0
2310.0,2385.0,726.0,795.0,317.0,0.0
4371.0,4431.0,675.0,759.0,315.0,0.0
5577.0,5646.0,3753.0,3828.0,316.0,0.0
174.0,258.0,3162.0,3231.0,326.0,1.0
9654.0,9882.0,3087.0,3111.0,320.0,0.0
5595.0,5682.0,321.0,387.0,325.0,1.0
2535.0,2625.0,888.0,942.0,311.0,0.0
2343.0,2460.0,2271.0,2313.0,312.0,0.0
534.0,615.0,2997.0,3066.0,322.0,1.0
3033.0,3120.0,642.0,705.0,321.0,0.0
4866.0,4944.0,405.0,474.0,318.0,0.0
3396.0,3465.0,579.0,651.0,313.0,0.0
1566.0,1605.0,2352.0,2481.0,314.0,0.0
6225.0,6468.0,3723.0,3741.0,309.0,0.0
3846.0,4038.0,609.0,630.0,301.0,0.0
10665.0,10869.0,2985.0,3006.0,307.0,0.0
5220.0,5280.0,366.0,438.0,308.0,0.0
6927.0,7161.0,3552.0,3570.0,306.0,0.0
7701.0,7752.0,3426.0,3516.0,310.0,0.0
111.0,150.0,3009.0,3111.0,300.0,0.0
5646.0,5919.0,3753.0,3768.0,303.0,0.0
465.0,501.0,2856.0,2970.0,304.0,0.0
1890.0,1926.0,2340.0,2448.0,297.0,0.0
8016.0,8214.0,3267.0,3288.0,305.0,0.0
1101.0,1158.0,2787.0,2856.0,299.0,0.0
606.0,813.0,3933.0,3951.0,296.0,0.0
6225.0,6237.0,2757.0,3051.0,293.0,0.0
6360.0,6396.0,81.0,177.0,291.0,0.0
5634.0,5679.0,174.0,264.0,302.0,0.0
3756.0,3885.0,552.0,579.0,292.0,0.0
8694.0,8892.0,3198.0,3216.0,294.0,0.0
6564.0,6651.0,396.0,441.0,298.0,0.0
2280.0,2394.0,816.0,843.0,285.0,0.0
5541.0,5571.0,174.0,267.0,280.0,0.0
2790.0,2841.0,693.0,759.0,290.0,0.0
2190.0,2226.0,738.0,831.0,289.0,0.0
2556.0,2904.0,4026.0,4035.0,288.0,0.0
4014.0,4101.0,717.0,759.0,295.0,0.0
1650.0,1857.0,3981.0,3996.0,286.0,0.0
861.0,891.0,2685.0,2778.0,280.0,1.0
1524.0,1611.0,2721.0,2757.0,287.0,0.0
10107.0,10305.0,3051.0,3066.0,284.0,0.0
5100.0,5187.0,591.0,624.0,283.0,0.0
2325.0,2352.0,2022.0,2124.0,279.0,0.0
2256.0,2280.0,2193.0,2310.0,281.0,0.0
6831.0,6879.0,3663.0,3720.0,278.0,0.0
417.0,504.0,3216.0,3252.0,287.0,1.0
795.0,882.0,3054.0,3087.0,283.0,1.0
2256.0,2328.0,2400.0,2439.0,282.0,0.0
9060.0,9201.0,3165.0,3183.0,275.0,0.0
7362.0,7530.0,3522.0,3537.0,273.0,0.0
1275.0,1368.0,2670.0,2697.0,271.0,0.0
4491.0,4572.0,456.0,486.0,269.0,0.0
1023.0,1302.0,3960.0,3969.0,272.0,0.0
2136.0,2346.0,4005.0,4017.0,274.0,0.0
6111.0,6150.0,303.0,369.0,277.0,0.0
48.0,81.0,3213.0,3291.0,276.0,0.0
6681.0,6777.0,180.0,204.0,266.0,0.0
1362.0,1476.0,2736.0,2757.0,267.0,0.0
5256.0,5280.0,222.0,318.0,265.0,0.0
1224.0,1251.0,2526.0,2619.0,270.0,0.0
1728.0,1833.0,2571.0,2592.0,264.0,0.0
951.0,975.0,2685.0,2781.0,265.0,1.0
2349.0,2373.0,585.0,675.0,261.0,0.0
7815.0,7860.0,3309.0,3363.0,268.0,0.0
6768.0,6870.0,246.0,267.0,260.0,0.0
1641.0,1731.0,2505.0,2529.0,262.0,0.0
1950.0,1977.0,2511.0,2592.0,263.0,0.0
9372.0,9543.0,3135.0,3147.0,258.0,0.0
7200.0,7302.0,198.0,219.0,260.0,1.0
2094.0,2196.0,2418.0,2439.0,260.0,2.0
4575.0,4677.0,525.0,546.0,260.0,3.0
8412.0,8523.0,3237.0,3255.0,257.0,0.0
7116.0,7191.0,129.0,153.0,247.0,0.0
2262.0,2286.0,585.0,675.0,261.0,1.0
6402.0,6504.0,297.0,318.0,260.0,4.0
6216.0,6246.0,231.0,297.0,256.0,0.0
3894.0,4023.0,4026.0,4041.0,254.0,0.0
5136.0,5352.0,3939.0,3948.0,255.0,0.0
2010.0,2073.0,2346.0,2376.0,251.0,0.0
1968.0,1986.0,2187.0,2292.0,249.0,0.0
2943.0,2976.0,621.0,675.0,246.0,0.0
4536.0,4710.0,3981.0,3993.0,259.0,0.0
396.0,606.0,3933.0,3942.0,253.0,0.0
912.0,1008.0,2838.0,2856.0,245.0,0.0
6927.0,6963.0,3570.0,3618.0,244.0,0.0
6468.0,6651.0,3723.0,3732.0,236.0,0.0
6582.0,6615.0,186.0,237.0,238.0,0.0
4818.0,4839.0,267.0,357.0,250.0,0.0
7017.0,7041.0,132.0,210.0,248.0,0.0
3180.0,3321.0,4050.0,4062.0,239.0,0.0
3642.0,3663.0,603.0,681.0,234.0,0.0
894.0,999.0,2886.0,2904.0,252.0,0.0
4767.0,4791.0,411.0,483.0,243.0,0.0
2469.0,2574.0,2127.0,2142.0,231.0,0.0
4089.0,4110.0,363.0,441.0,234.0,1.0
858.0,882.0,2988.0,3054.0,232.0,0.0
4077.0,4101.0,654.0,717.0,225.0,0.0
4236.0,4407.0,4005.0,4014.0,228.0,0.0
7071.0,7092.0,0.0,75.0,229.0,0.0
5577.0,5604.0,3828.0,3891.0,241.0,0.0
4170.0,4191.0,363.0,444.0,240.0,0.0
123.0,144.0,3306.0,3381.0,229.0,1.0
2595.0,2625.0,837.0,888.0,227.0,0.0
5868.0,5901.0,276.0,324.0,233.0,0.0
3798.0,3816.0,405.0,486.0,222.0,0.0
483.0,504.0,3141.0,3216.0,229.0,2.0
1590.0,1611.0,2646.0,2721.0,229.0,3.0
6318.0,6396.0,228.0,249.0,235.0,0.0
5541.0,5565.0,474.0,537.0,225.0,1.0
1758.0,1833.0,2448.0,2469.0,230.0,0.0
4809.0,4833.0,561.0,624.0,225.0,2.0
5913.0,5931.0,417.0,498.0,222.0,1.0
2760.0,2841.0,615.0,633.0,223.0,0.0
6000.0,6018.0,129.0,225.0,242.0,0.0
4968.0,5052.0,351.0,369.0,226.0,0.0
3705.0,3729.0,696.0,759.0,225.0,3.0
3015.0,3036.0,2241.0,2313.0,224.0,0.0
6633.0,6651.0,315.0,396.0,222.0,2.0
1383.0,1476.0,2613.0,2631.0,237.0,0.0
5163.0,5187.0,528.0,591.0,225.0,4.0
2133.0,2196.0,2298.0,2319.0,213.0,0.0
9882.0,10023.0,3087.0,3096.0,210.0,0.0
1224.0,1242.0,2814.0,2886.0,211.0,0.0
2973.0,2988.0,2091.0,2187.0,221.0,0.0
7752.0,7779.0,3426.0,3477.0,219.0,0.0
9654.0,9768.0,3111.0,3123.0,218.0,0.0
3018.0,3036.0,1968.0,2043.0,215.0,0.0
2982.0,3003.0,786.0,858.0,224.0,1.0
6048.0,6111.0,348.0,369.0,213.0,1.0
6267.0,6285.0,366.0,441.0,215.0,1.0
5961.0,6054.0,282.0,297.0,220.0,0.0
7239.0,7302.0,78.0,99.0,213.0,2.0
7065.0,7083.0,270.0,351.0,222.0,3.0
1509.0,1650.0,3981.0,3990.0,210.0,1.0
420.0,444.0,3063.0,3120.0,217.0,0.0
1524.0,1545.0,2583.0,2640.0,204.0,0.0
4611.0,4677.0,405.0,423.0,203.0,0.0
5496.0,5517.0,348.0,408.0,207.0,0.0
10665.0,10758.0,3006.0,3018.0,198.0,0.0
3072.0,3084.0,492.0,585.0,197.0,0.0
2694.0,2904.0,4035.0,4041.0,209.0,0.0
2997.0,3012.0,492.0,582.0,214.0,0.0
285.0,366.0,3111.0,3126.0,206.0,0.0
6474.0,6504.0,252.0,297.0,216.0,0.0
6804.0,6870.0,126.0,144.0,203.0,1.0
2280.0,2301.0,2193.0,2256.0,212.0,0.0
666.0,723.0,2946.0,2967.0,205.0,0.0
3516.0,3582.0,531.0,549.0,203.0,2.0
4881.0,5052.0,3963.0,3969.0,190.0,0.0
2655.0,2733.0,669.0,684.0,201.0,0.0
6633.0,6660.0,81.0,120.0,193.0,0.0
3147.0,3222.0,588.0,603.0,199.0,0.0
8214.0,8328.0,3267.0,3276.0,189.0,0.0
2739.0,2790.0,738.0,759.0,194.0,0.0
3636.0,3765.0,4050.0,4059.0,200.0,0.0
4047.0,4062.0,498.0,567.0,191.0,0.0
1185.0,1203.0,2685.0,2745.0,195.0,0.0
1605.0,1617.0,2352.0,2451.0,202.0,0.0
10107.0,10191.0,3066.0,3078.0,186.0,0.0
1926.0,1953.0,2340.0,2379.0,193.0,1.0
5919.0,6042.0,3753.0,3762.0,196.0,0.0
1566.0,1587.0,2481.0,2529.0,185.0,0.0
6081.0,6150.0,231.0,246.0,192.0,0.0
10869.0,10983.0,2985.0,2994.0,189.0,1.0
8694.0,8778.0,3216.0,3228.0,186.0,1.0
501.0,513.0,2856.0,2940.0,184.0,0.0
3867.0,3948.0,492.0,504.0,182.0,0.0
7161.0,7260.0,3552.0,3561.0,175.0,0.0
8016.0,8157.0,3288.0,3294.0,169.0,0.0
6270.0,6288.0,129.0,186.0,187.0,0.0
3762.0,3828.0,537.0,552.0,183.0,0.0
4263.0,4320.0,450.0,468.0,188.0,0.0
5919.0,5940.0,174.0,222.0,185.0,1.0
3432.0,3444.0,447.0,528.0,180.0,0.0
111.0,126.0,3111.0,3174.0,178.0,0.0
5646.0,5799.0,3768.0,3774.0,176.0,0.0
3885.0,3948.0,564.0,579.0,179.0,0.0
3345.0,3369.0,492.0,531.0,177.0,0.0
213.0,222.0,3009.0,3108.0,174.0,0.0
2604.0,2622.0,585.0,639.0,181.0,0.0
1890.0,1950.0,2571.0,2592.0,208.0,0.0
1059.0,1101.0,2787.0,2808.0,173.0,0.0
1998.0,2136.0,4005.0,4011.0,168.0,0.0
2073.0,2130.0,2361.0,2376.0,170.0,0.0
2544.0,2562.0,750.0,798.0,171.0,0.0
825.0,843.0,2856.0,2904.0,171.0,1.0
2250.0,2268.0,894.0,942.0,171.0,2.0
1161.0,1302.0,3969.0,3975.0,169.0,1.0
5292.0,5304.0,372.0,441.0,167.0,0.0
5343.0,5406.0,324.0,339.0,179.0,1.0
2424.0,2496.0,681.0,693.0,172.0,0.0
1464.0,1476.0,2631.0,2697.0,164.0,0.0
4572.0,4629.0,471.0,486.0,170.0,1.0
6963.0,7092.0,3570.0,3576.0,162.0,0.0
3465.0,3477.0,582.0,651.0,167.0,1.0
5280.0,5292.0,369.0,438.0,167.0,2.0
465.0,483.0,2970.0,3018.0,171.0,3.0
4023.0,4152.0,4026.0,4032.0,162.0,1.0
1890.0,1908.0,2448.0,2496.0,171.0,4.0
2190.0,2208.0,831.0,879.0,171.0,5.0
48.0,57.0,3291.0,3381.0,165.0,0.0
2517.0,2574.0,2142.0,2154.0,156.0,0.0
6225.0,6345.0,3741.0,3747.0,159.0,0.0
5136.0,5223.0,3948.0,3957.0,163.0,0.0
1368.0,1425.0,2685.0,2697.0,156.0,1.0
3042.0,3180.0,4050.0,4056.0,168.0,1.0
4449.0,4464.0,363.0,411.0,158.0,0.0
6720.0,6729.0,39.0,123.0,160.0,0.0
2313.0,2328.0,2352.0,2400.0,158.0,1.0
2226.0,2247.0,738.0,777.0,166.0,0.0
5868.0,5886.0,324.0,363.0,157.0,0.0
9201.0,9288.0,3165.0,3174.0,163.0,1.0
5181.0,5196.0,267.0,315.0,158.0,2.0
8523.0,8610.0,3237.0,3246.0,163.0,2.0
3345.0,3363.0,720.0,759.0,157.0,1.0
8892.0,8976.0,3198.0,3207.0,161.0,0.0
5151.0,5166.0,351.0,393.0,151.0,0.0
9372.0,9429.0,3147.0,3159.0,156.0,2.0
3720.0,3738.0,447.0,486.0,157.0,2.0
795.0,810.0,2946.0,2988.0,151.0,1.0
7815.0,7833.0,3363.0,3402.0,157.0,3.0
2562.0,2574.0,2154.0,2205.0,147.0,0.0
5739.0,5784.0,276.0,291.0,155.0,0.0
6879.0,6906.0,3663.0,3687.0,153.0,0.0
2943.0,2961.0,675.0,714.0,157.0,4.0
6582.0,6600.0,237.0,276.0,157.0,5.0
5604.0,5622.0,3828.0,3864.0,152.0,0.0
6354.0,6360.0,81.0,174.0,141.0,0.0
5541.0,5556.0,267.0,309.0,151.0,2.0
7860.0,7932.0,3309.0,3318.0,154.0,0.0
7362.0,7464.0,3537.0,3543.0,148.0,0.0
3933.0,3948.0,363.0,405.0,151.0,3.0
6447.0,6504.0,186.0,198.0,156.0,3.0
2385.0,2394.0,729.0,795.0,145.0,0.0
2997.0,3015.0,2280.0,2313.0,146.0,0.0
2613.0,2625.0,786.0,837.0,147.0,1.0
7530.0,7599.0,3522.0,3531.0,150.0,0.0
6777.0,6822.0,192.0,204.0,140.0,0.0
3039.0,3087.0,630.0,642.0,143.0,0.0
6216.0,6228.0,297.0,345.0,142.0,0.0
4236.0,4323.0,4014.0,4020.0,135.0,0.0
3318.0,3333.0,588.0,627.0,144.0,0.0
4944.0,4989.0,417.0,429.0,140.0,1.0
4536.0,4623.0,3993.0,3999.0,135.0,1.0
6621.0,6633.0,348.0,396.0,142.0,1.0
4419.0,4437.0,450.0,480.0,138.0,0.0
3390.0,3594.0,4068.0,4071.0,149.0,0.0
5901.0,5913.0,450.0,498.0,142.0,2.0
3663.0,3675.0,603.0,651.0,142.0,3.0
861.0,876.0,2778.0,2817.0,144.0,1.0
1731.0,1767.0,2514.0,2529.0,139.0,0.0
615.0,660.0,3009.0,3021.0,140.0,2.0
2454.0,2490.0,2190.0,2205.0,139.0,1.0
3003.0,3018.0,1968.0,2007.0,144.0,2.0
7050.0,7065.0,312.0,351.0,144.0,3.0
3693.0,3705.0,531.0,573.0,130.0,0.0
4530.0,4536.0,315.0,402.0,134.0,0.0
10305.0,10362.0,3051.0,3060.0,133.0,0.0
81.0,96.0,3213.0,3252.0,144.0,4.0
7191.0,7236.0,141.0,153.0,140.0,3.0
6687.0,6729.0,168.0,180.0,131.0,0.0
4446.0,4458.0,579.0,624.0,136.0,0.0
1644.0,1686.0,2493.0,2505.0,131.0,1.0
9060.0,9147.0,3183.0,3189.0,135.0,2.0
471.0,483.0,3177.0,3216.0,125.0,0.0
918.0,963.0,2826.0,2838.0,140.0,4.0
7041.0,7056.0,132.0,171.0,144.0,5.0
5598.0,5655.0,312.0,321.0,133.0,1.0
1962.0,1977.0,2478.0,2511.0,129.0,0.0
2916.0,2928.0,759.0,801.0,130.0,1.0
10446.0,10503.0,3036.0,3045.0,133.0,2.0
573.0,579.0,2856.0,2943.0,134.0,1.0
4854.0,4866.0,432.0,474.0,130.0,2.0
9882.0,9966.0,3096.0,3102.0,132.0,0.0
3384.0,3396.0,609.0,651.0,130.0,3.0
1158.0,1173.0,2787.0,2823.0,137.0,0.0
8016.0,8073.0,3294.0,3303.0,133.0,3.0
2193.0,2196.0,2022.0,2187.0,128.0,0.0
4710.0,4794.0,3981.0,3987.0,132.0,1.0
4137.0,4167.0,486.0,501.0,124.0,0.0
5208.0,5220.0,399.0,438.0,125.0,1.0
1575.0,1590.0,2688.0,2721.0,129.0,1.0
111.0,123.0,3339.0,3381.0,130.0,4.0
5967.0,6009.0,270.0,282.0,131.0,2.0
1212.0,1224.0,2847.0,2886.0,125.0,2.0
2943.0,2955.0,2250.0,2289.0,125.0,3.0
1281.0,1323.0,2658.0,2670.0,131.0,3.0
4881.0,4965.0,3969.0,3975.0,132.0,2.0
1224.0,1236.0,2619.0,2658.0,125.0,4.0
6255.0,6267.0,399.0,441.0,130.0,5.0
2970.0,2982.0,819.0,858.0,125.0,5.0
4821.0,4833.0,525.0,561.0,117.0,0.0
618.0,666.0,2946.0,2955.0,120.0,0.0
4062.0,4074.0,498.0,537.0,125.0,6.0
5682.0,5712.0,327.0,342.0,124.0,1.0
4395.0,4410.0,522.0,552.0,123.0,0.0
2943.0,2961.0,2001.0,2028.0,127.0,0.0
2484.0,2556.0,4026.0,4032.0,121.0,0.0
5100.0,5118.0,495.0,519.0,118.0,0.0
6633.0,6645.0,120.0,159.0,125.0,7.0
4218.0,4257.0,510.0,522.0,126.0,0.0
7779.0,7800.0,3426.0,3447.0,122.0,0.0
1926.0,1938.0,2379.0,2418.0,125.0,8.0
5397.0,5406.0,174.0,222.0,116.0,0.0
1440.0,1509.0,3981.0,3987.0,113.0,0.0
7191.0,7239.0,78.0,87.0,120.0,1.0
5127.0,5139.0,429.0,465.0,117.0,1.0
3294.0,3306.0,660.0,696.0,117.0,2.0
2394.0,2430.0,738.0,750.0,119.0,0.0
5646.0,5661.0,3774.0,3804.0,123.0,1.0
6396.0,6441.0,240.0,249.0,112.0,0.0
4791.0,4806.0,411.0,441.0,123.0,2.0
534.0,606.0,3942.0,3948.0,121.0,1.0
2085.0,2133.0,2298.0,2307.0,120.0,2.0
1722.0,1758.0,2448.0,2460.0,119.0,1.0
2325.0,2337.0,2124.0,2163.0,125.0,9.0
327.0,396.0,3933.0,3939.0,113.0,1.0
2763.0,2904.0,4041.0,4044.0,115.0,0.0
873.0,882.0,2946.0,2988.0,106.0,0.0
5553.0,5565.0,438.0,474.0,117.0,3.0
675.0,813.0,3951.0,3954.0,114.0,0.0
159.0,174.0,3204.0,3231.0,111.0,0.0
2580.0,2595.0,681.0,711.0,123.0,3.0
954.0,1023.0,3960.0,3966.0,113.0,2.0
2208.0,2346.0,4017.0,4020.0,114.0,1.0
333.0,366.0,3126.0,3138.0,110.0,0.0
6927.0,6942.0,3618.0,3645.0,111.0,1.0
1788.0,1857.0,3996.0,4002.0,113.0,3.0
6246.0,6255.0,231.0,273.0,106.0,1.0
1023.0,1059.0,2787.0,2799.0,119.0,2.0
4089.0,4101.0,621.0,654.0,109.0,0.0
5019.0,5052.0,369.0,381.0,110.0,1.0
2298.0,2310.0,759.0,795.0,117.0,4.0
2799.0,2841.0,633.0,642.0,107.0,0.0
6651.0,6711.0,3723.0,3729.0,105.0,0.0
3903.0,3948.0,504.0,513.0,112.0,1.0
4014.0,4026.0,630.0,663.0,109.0,1.0
3120.0,3165.0,651.0,660.0,112.0,2.0
525.0,534.0,3024.0,3066.0,106.0,2.0
258.0,303.0,3174.0,3183.0,112.0,3.0
3477.0,3522.0,594.0,603.0,112.0,4.0
540.0,582.0,2988.0,2997.0,107.0,1.0
2358.0,2373.0,2223.0,2250.0,111.0,2.0
5175.0,5187.0,492.0,528.0,117.0,5.0
6963.0,7026.0,3576.0,3582.0,108.0,0.0
1422.0,1464.0,2631.0,2640.0,107.0,2.0
6468.0,6528.0,3732.0,3738.0,105.0,1.0
3345.0,3357.0,531.0,564.0,109.0,2.0
7017.0,7029.0,210.0,240.0,102.0,0.0
2256.0,2271.0,2310.0,2334.0,103.0,0.0
2658.0,2700.0,660.0,669.0,107.0,3.0
6042.0,6102.0,3753.0,3759.0,105.0,2.0
3720.0,3729.0,654.0,696.0,106.0,3.0
6321.0,6351.0,216.0,228.0,104.0,0.0
4800.0,4809.0,585.0,624.0,99.0,0.0
2301.0,2313.0,2193.0,2223.0,102.0,1.0
4494.0,4527.0,444.0,456.0,110.0,2.0
180.0,213.0,3150.0,3162.0,110.0,3.0
1827.0,1833.0,2469.0,2529.0,101.0,0.0
57.0,66.0,3291.0,3330.0,99.0,1.0
5844.0,5856.0,408.0,441.0,109.0,3.0
4065.0,4077.0,687.0,717.0,102.0,2.0
4371.0,4386.0,588.0,615.0,111.0,3.0
4119.0,4131.0,537.0,567.0,102.0,3.0
4767.0,4779.0,483.0,513.0,102.0,4.0
2379.0,2409.0,2169.0,2181.0,104.0,1.0
3021.0,3033.0,675.0,705.0,102.0,5.0
126.0,141.0,3111.0,3135.0,103.0,1.0
5304.0,5337.0,381.0,393.0,110.0,4.0
4089.0,4098.0,441.0,474.0,90.0,0.0
5532.0,5541.0,498.0,537.0,99.0,2.0
5586.0,5595.0,345.0,387.0,106.0,4.0
849.0,858.0,3015.0,3054.0,99.0,3.0
4869.0,4908.0,396.0,405.0,100.0,0.0
1245.0,1302.0,2757.0,2763.0,98.0,0.0
10758.0,10812.0,3006.0,3012.0,97.0,0.0
9429.0,9486.0,3147.0,3153.0,98.0,1.0
420.0,435.0,3120.0,3144.0,103.0,2.0
9654.0,9711.0,3123.0,3129.0,98.0,2.0
8214.0,8271.0,3276.0,3282.0,98.0,3.0
5154.0,5163.0,552.0,591.0,99.0,4.0
1203.0,1215.0,2685.0,2712.0,95.0,0.0
2262.0,2274.0,675.0,705.0,102.0,6.0
10191.0,10248.0,3066.0,3072.0,98.0,4.0
2046.0,2049.0,2187.0,2295.0,92.0,0.0
6765.0,6804.0,126.0,135.0,100.0,1.0
5517.0,5529.0,348.0,378.0,102.0,7.0
3183.0,3222.0,603.0,612.0,100.0,2.0
3030.0,3036.0,2187.0,2241.0,93.0,0.0
8778.0,8835.0,3216.0,3222.0,98.0,5.0
3399.0,3432.0,570.0,579.0,91.0,0.0
444.0,453.0,3063.0,3096.0,90.0,1.0
4932.0,4968.0,351.0,360.0,96.0,0.0
2313.0,2352.0,717.0,726.0,100.0,3.0
10869.0,10926.0,2994.0,3000.0,98.0,6.0
4575.0,4611.0,405.0,414.0,96.0,1.0
3696.0,3705.0,723.0,759.0,94.0,0.0
135.0,144.0,3273.0,3306.0,90.0,2.0
8412.0,8469.0,3255.0,3261.0,98.0,7.0
2280.0,2292.0,2256.0,2280.0,86.0,0.0
9768.0,9825.0,3111.0,3117.0,98.0,8.0
7119.0,7155.0,120.0,129.0,96.0,2.0
9543.0,9597.0,3135.0,3141.0,97.0,1.0
2991.0,3003.0,759.0,786.0,95.0,1.0
4746.0,4755.0,543.0,576.0,90.0,3.0
2724.0,2760.0,615.0,624.0,96.0,3.0
7860.0,7872.0,3318.0,3345.0,95.0,2.0
6117.0,6150.0,246.0,255.0,91.0,1.0
3642.0,3651.0,681.0,714.0,90.0,4.0
615.0,621.0,3021.0,3069.0,85.0,0.0
3027.0,3036.0,2043.0,2073.0,80.0,0.0
6996.0,7005.0,267.0,303.0,94.0,1.0
2460.0,2496.0,693.0,702.0,96.0,4.0
5919.0,5931.0,222.0,246.0,86.0,1.0
1347.0,1383.0,2613.0,2622.0,96.0,5.0
2454.0,2460.0,2205.0,2253.0,85.0,1.0
7071.0,7083.0,75.0,99.0,86.0,2.0
3948.0,4044.0,606.0,609.0,89.0,0.0
5496.0,5505.0,408.0,441.0,90.0,5.0
1566.0,1575.0,2529.0,2562.0,90.0,6.0
10566.0,10614.0,3027.0,3033.0,88.0,0.0
1008.0,1041.0,2847.0,2856.0,91.0,2.0
4215.0,4263.0,450.0,456.0,88.0,1.0
7752.0,7764.0,3477.0,3501.0,86.0,3.0
3492.0,3516.0,531.0,543.0,87.0,0.0
2976.0,2988.0,621.0,645.0,86.0,4.0
3459.0,3552.0,4071.0,4074.0,84.0,0.0
1941.0,1950.0,2538.0,2571.0,90.0,7.0
4944.0,4950.0,429.0,477.0,85.0,2.0
1797.0,1827.0,2469.0,2478.0,82.0,0.0
5352.0,5439.0,3939.0,3942.0,79.0,0.0
6822.0,6870.0,198.0,204.0,88.0,2.0
1602.0,1611.0,2613.0,2646.0,90.0,8.0
5577.0,5592.0,3891.0,3909.0,81.0,0.0
4407.0,4452.0,4005.0,4011.0,83.0,0.0
1545.0,1554.0,2583.0,2616.0,90.0,9.0
5481.0,5523.0,3930.0,3936.0,77.0,0.0
5223.0,5310.0,3948.0,3951.0,79.0,1.0
2226.0,2235.0,777.0,807.0,80.0,1.0
4647.0,4677.0,423.0,432.0,82.0,1.0
3636.0,3723.0,4059.0,4062.0,79.0,2.0
5478.0,5487.0,459.0,489.0,80.0,2.0
6642.0,6651.0,288.0,315.0,72.0,0.0
3552.0,3582.0,549.0,558.0,82.0,2.0
5571.0,5574.0,174.0,261.0,78.0,0.0
6198.0,6207.0,369.0,399.0,80.0,3.0
4818.0,4827.0,357.0,387.0,80.0,4.0
6828.0,6870.0,144.0,150.0,77.0,1.0
3765.0,3807.0,4050.0,4056.0,77.0,2.0
7833.0,7845.0,3363.0,3384.0,76.0,0.0
4839.0,4842.0,267.0,348.0,71.0,0.0
2640.0,2649.0,711.0,738.0,72.0,1.0
6288.0,6294.0,129.0,171.0,75.0,0.0
1524.0,1533.0,2640.0,2670.0,80.0,5.0
495.0,504.0,3108.0,3141.0,90.0,10.0
3765.0,3807.0,531.0,537.0,77.0,3.0
6963.0,6975.0,3582.0,3603.0,76.0,1.0
6615.0,6624.0,186.0,213.0,72.0,2.0
5379.0,5406.0,339.0,348.0,73.0,0.0
3894.0,3936.0,4041.0,4047.0,77.0,4.0
4023.0,4065.0,4032.0,4038.0,77.0,5.0
6564.0,6573.0,318.0,345.0,72.0,3.0
6864.0,6870.0,0.0,39.0,69.0,0.0
5922.0,5931.0,390.0,417.0,72.0,4.0
2973.0,2982.0,2064.0,2091.0,72.0,5.0
5661.0,5736.0,3774.0,3777.0,68.0,0.0
2622.0,2631.0,585.0,615.0,80.0,6.0
1251.0,1254.0,2526.0,2610.0,74.0,0.0
1368.0,1404.0,2679.0,2685.0,64.0,0.0
2973.0,2982.0,2187.0,2214.0,72.0,6.0
258.0,285.0,3111.0,3120.0,73.0,1.0
4419.0,4428.0,480.0,504.0,61.0,0.0
6612.0,6621.0,372.0,396.0,61.0,1.0
7152.0,7155.0,0.0,75.0,66.0,0.0
7278.0,7302.0,99.0,108.0,63.0,0.0
1185.0,1194.0,2745.0,2769.0,61.0,2.0
6879.0,6894.0,3687.0,3702.0,67.0,0.0
2586.0,2595.0,864.0,888.0,61.0,3.0
2445.0,2469.0,2127.0,2136.0,63.0,1.0
5715.0,5739.0,276.0,285.0,63.0,2.0
3354.0,3363.0,693.0,720.0,72.0,7.0
4425.0,4431.0,639.0,675.0,60.0,0.0
5304.0,5343.0,324.0,330.0,70.0,0.0
2157.0,2196.0,2319.0,2325.0,70.0,1.0
2259.0,2268.0,870.0,894.0,61.0,4.0
5223.0,5247.0,357.0,366.0,63.0,3.0
4167.0,4191.0,492.0,501.0,63.0,4.0
6045.0,6081.0,231.0,237.0,64.0,1.0
483.0,492.0,2970.0,2994.0,61.0,5.0
4572.0,4596.0,462.0,471.0,63.0,5.0
1890.0,1899.0,2496.0,2520.0,61.0,6.0
3123.0,3147.0,588.0,597.0,63.0,6.0
5868.0,5877.0,363.0,387.0,61.0,7.0
6270.0,6279.0,186.0,210.0,61.0,8.0
2832.0,2904.0,4044.0,4047.0,65.0,0.0
1968.0,1977.0,2292.0,2316.0,61.0,9.0
1233.0,1242.0,2790.0,2814.0,61.0,10.0
3324.0,3333.0,777.0,801.0,61.0,11.0
6273.0,6285.0,348.0,366.0,62.0,0.0
4629.0,4653.0,477.0,486.0,63.0,7.0
5622.0,5634.0,3828.0,3846.0,62.0,1.0
465.0,474.0,3018.0,3042.0,61.0,12.0
2604.0,2613.0,813.0,837.0,61.0,13.0
5901.0,5910.0,276.0,300.0,61.0,14.0
3276.0,3288.0,726.0,744.0,62.0,2.0
2943.0,2952.0,714.0,738.0,61.0,15.0
2733.0,2769.0,678.0,684.0,64.0,2.0
10665.0,10701.0,3018.0,3024.0,64.0,3.0
1587.0,1596.0,2481.0,2505.0,61.0,16.0
2562.0,2571.0,750.0,774.0,61.0,17.0
1092.0,1161.0,3969.0,3972.0,59.0,0.0
3675.0,3684.0,603.0,627.0,61.0,18.0
7074.0,7083.0,246.0,270.0,61.0,19.0
2013.0,2037.0,2337.0,2346.0,63.0,8.0
5100.0,5109.0,519.0,543.0,61.0,20.0
6228.0,6237.0,297.0,321.0,61.0,21.0
2604.0,2613.0,639.0,663.0,61.0,22.0
1425.0,1464.0,2691.0,2697.0,70.0,2.0
4677.0,4746.0,543.0,546.0,59.0,1.0
5946.0,5955.0,324.0,348.0,61.0,23.0
744.0,813.0,3954.0,3957.0,59.0,2.0
3828.0,3852.0,543.0,552.0,63.0,9.0
6582.0,6591.0,276.0,300.0,61.0,24.0
1233.0,1302.0,3975.0,3978.0,59.0,3.0
2208.0,2217.0,831.0,855.0,61.0,25.0
465.0,534.0,3942.0,3945.0,59.0,4.0
2625.0,2694.0,4035.0,4038.0,59.0,5.0
3111.0,3180.0,4056.0,4059.0,59.0,6.0
2415.0,2484.0,4026.0,4029.0,59.0,7.0
7260.0,7296.0,3552.0,3558.0,64.0,4.0
1371.0,1440.0,3981.0,3984.0,59.0,8.0
7362.0,7431.0,3543.0,3546.0,59.0,9.0
843.0,852.0,2856.0,2880.0,61.0,26.0
3720.0,3729.0,486.0,510.0,61.0,27.0
117.0,186.0,3927.0,3930.0,59.0,10.0
6300.0,6309.0,273.0,297.0,61.0,28.0
2973.0,3042.0,4050.0,4053.0,59.0,11.0
885.0,954.0,3960.0,3963.0,59.0,12.0
1719.0,1788.0,3996.0,3999.0,59.0,13.0
2307.0,2313.0,2367.0,2400.0,56.0,0.0
3252.0,3321.0,4062.0,4065.0,59.0,14.0
7161.0,7227.0,3561.0,3564.0,58.0,0.0
2067.0,2136.0,4011.0,4014.0,59.0,15.0
1581.0,1650.0,3990.0,3993.0,59.0,16.0
1929.0,1998.0,4005.0,4008.0,59.0,17.0
1908.0,1917.0,2448.0,2472.0,61.0,29.0
258.0,327.0,3933.0,3936.0,59.0,18.0
6471.0,6504.0,198.0,204.0,57.0,0.0
2073.0,2106.0,2355.0,2361.0,57.0,1.0
7599.0,7632.0,3522.0,3528.0,57.0,2.0
5712.0,5733.0,333.0,342.0,55.0,0.0
2130.0,2163.0,2370.0,2376.0,57.0,3.0
5799.0,5859.0,3768.0,3771.0,53.0,0.0
2277.0,2346.0,4020.0,4023.0,59.0,19.0
2334.0,2343.0,2292.0,2313.0,54.0,0.0
2955.0,2964.0,2250.0,2271.0,54.0,1.0
2490.0,2523.0,2199.0,2205.0,57.0,4.0
6054.0,6075.0,288.0,297.0,55.0,1.0
690.0,723.0,2967.0,2973.0,57.0,5.0
5892.0,5901.0,477.0,498.0,54.0,2.0
1767.0,1800.0,2523.0,2529.0,57.0,6.0
4656.0,4677.0,477.0,486.0,55.0,2.0
2241.0,2250.0,921.0,942.0,54.0,3.0
9201.0,9231.0,3174.0,3180.0,52.0,0.0
8523.0,8553.0,3246.0,3252.0,52.0,1.0
7098.0,7107.0,177.0,198.0,54.0,4.0
2544.0,2553.0,798.0,819.0,54.0,5.0
6345.0,6405.0,3741.0,3744.0,53.0,1.0
6528.0,6588.0,3732.0,3735.0,53.0,2.0
2190.0,2202.0,879.0,894.0,51.0,0.0
2994.0,3003.0,1968.0,1989.0,54.0,6.0
7779.0,7788.0,3447.0,3465.0,46.0,0.0
825.0,831.0,2904.0,2934.0,50.0,0.0
9288.0,9345.0,3165.0,3168.0,49.0,0.0
5919.0,5979.0,3762.0,3765.0,53.0,3.0
9060.0,9090.0,3189.0,3195.0,52.0,2.0
6102.0,6162.0,3753.0,3756.0,53.0,4.0
6225.0,6285.0,3747.0,3750.0,53.0,5.0
6711.0,6771.0,3723.0,3726.0,53.0,6.0
5601.0,5631.0,306.0,312.0,52.0,3.0
10983.0,11040.0,2985.0,2988.0,49.0,1.0
8073.0,8130.0,3294.0,3297.0,49.0,2.0
10107.0,10164.0,3078.0,3081.0,49.0,3.0
10503.0,10560.0,3036.0,3039.0,49.0,4.0
8976.0,9006.0,3198.0,3204.0,52.0,4.0
3024.0,3030.0,2214.0,2241.0,45.0,0.0
7932.0,7986.0,3309.0,3312.0,48.0,0.0
4437.0,4446.0,606.0,624.0,46.0,1.0
5166.0,5175.0,351.0,369.0,46.0,2.0
10023.0,10050.0,3087.0,3093.0,47.0,0.0
10362.0,10419.0,3051.0,3054.0,49.0,5.0
6666.0,6672.0,222.0,246.0,41.0,0.0
1623.0,1632.0,2553.0,2571.0,46.0,3.0
8328.0,8382.0,3267.0,3270.0,48.0,1.0
2319.0,2328.0,2334.0,2352.0,46.0,4.0
258.0,261.0,3183.0,3237.0,44.0,0.0
3840.0,3867.0,492.0,498.0,47.0,1.0
8892.0,8949.0,3207.0,3210.0,49.0,6.0
8610.0,8637.0,3237.0,3243.0,47.0,2.0
9882.0,9936.0,3102.0,3105.0,48.0,2.0
4290.0,4320.0,468.0,474.0,52.0,5.0
6255.0,6261.0,231.0,258.0,45.0,1.0
165.0,174.0,3186.0,3204.0,46.0,5.0
2943.0,2949.0,1974.0,2001.0,45.0,2.0
3477.0,3480.0,603.0,657.0,44.0,1.0
2928.0,2937.0,759.0,777.0,46.0,6.0
8694.0,8721.0,3228.0,3234.0,47.0,3.0
3375.0,3384.0,633.0,651.0,46.0,7.0
6420.0,6447.0,186.0,192.0,47.0,4.0
6600.0,6606.0,237.0,261.0,41.0,1.0
1968.0,1977.0,2460.0,2478.0,46.0,8.0
4791.0,4800.0,441.0,459.0,46.0,9.0
5556.0,5565.0,267.0,285.0,46.0,10.0
1323.0,1347.0,2664.0,2670.0,43.0,0.0
111.0,117.0,3174.0,3198.0,41.0,2.0
4047.0,4056.0,567.0,585.0,46.0,11.0
309.0,333.0,3126.0,3132.0,43.0,1.0
1260.0,1266.0,2712.0,2736.0,41.0,3.0
3705.0,3714.0,531.0,549.0,46.0,12.0
4848.0,4854.0,450.0,474.0,41.0,4.0
4674.0,4677.0,267.0,315.0,40.0,0.0
5151.0,5157.0,393.0,417.0,41.0,5.0
516.0,525.0,3048.0,3066.0,46.0,13.0
843.0,849.0,3030.0,3054.0,41.0,6.0
105.0,111.0,3357.0,3381.0,41.0,7.0
2409.0,2433.0,2175.0,2181.0,43.0,2.0
4257.0,4281.0,516.0,522.0,43.0,3.0
642.0,666.0,2955.0,2961.0,43.0,4.0
2961.0,2967.0,675.0,699.0,41.0,8.0
1236.0,1242.0,2619.0,2643.0,41.0,9.0
7059.0,7065.0,288.0,312.0,41.0,10.0
810.0,819.0,2946.0,2964.0,46.0,14.0
3468.0,3492.0,531.0,537.0,43.0,5.0
465.0,471.0,3192.0,3216.0,41.0,11.0
3885.0,3909.0,558.0,564.0,43.0,6.0
6729.0,6753.0,174.0,180.0,43.0,7.0
6249.0,6255.0,417.0,441.0,41.0,12.0
7215.0,7239.0,87.0,93.0,43.0,8.0
3714.0,3720.0,672.0,696.0,41.0,13.0
1686.0,1710.0,2499.0,2505.0,43.0,9.0
660.0,684.0,3015.0,3021.0,43.0,10.0
5337.0,5361.0,387.0,393.0,43.0,11.0
4995.0,5019.0,369.0,375.0,43.0,12.0
1698.0,1722.0,2448.0,2454.0,43.0,13.0
2580.0,2586.0,711.0,735.0,41.0,14.0
4527.0,4551.0,450.0,456.0,43.0,14.0
2109.0,2133.0,2307.0,2313.0,43.0,15.0
5181.0,5187.0,315.0,339.0,41.0,15.0
2493.0,2517.0,2142.0,2148.0,43.0,16.0
5655.0,5679.0,264.0,270.0,43.0,17.0
1992.0,1998.0,2394.0,2418.0,41.0,16.0
4239.0,4263.0,456.0,462.0,43.0,18.0
126.0,132.0,3135.0,3159.0,41.0,17.0
861.0,867.0,2817.0,2841.0,41.0,18.0
2961.0,2970.0,843.0,858.0,38.0,0.0
1584.0,1590.0,2664.0,2688.0,41.0,19.0
999.0,1023.0,2787.0,2793.0,43.0,19.0
3477.0,3501.0,588.0,594.0,43.0,20.0
3039.0,3063.0,624.0,630.0,43.0,21.0
5886.0,5892.0,324.0,348.0,41.0,20.0
3318.0,3327.0,627.0,642.0,38.0,1.0
6942.0,6954.0,3618.0,3630.0,42.0,0.0
867.0,873.0,2964.0,2988.0,41.0,21.0
2430.0,2454.0,744.0,750.0,43.0,22.0
5145.0,5154.0,576.0,591.0,38.0,2.0
2997.0,3003.0,582.0,606.0,41.0,22.0
2256.0,2265.0,2334.0,2349.0,38.0,3.0
363.0,366.0,3138.0,3183.0,37.0,0.0
3936.0,3981.0,4041.0,4044.0,39.0,0.0
876.0,882.0,2778.0,2802.0,41.0,23.0
81.0,87.0,3252.0,3276.0,41.0,24.0
1158.0,1164.0,2823.0,2847.0,41.0,25.0
2400.0,2424.0,681.0,687.0,43.0,23.0
3033.0,3036.0,2073.0,2118.0,37.0,1.0
66.0,75.0,3291.0,3306.0,38.0,4.0
4965.0,5010.0,3969.0,3972.0,39.0,1.0
2367.0,2373.0,2199.0,2223.0,41.0,26.0
963.0,987.0,2832.0,2838.0,43.0,24.0
96.0,102.0,3213.0,3237.0,41.0,27.0
795.0,801.0,2988.0,3012.0,41.0,28.0
4449.0,4455.0,411.0,432.0,34.0,0.0
5580.0,5586.0,363.0,387.0,41.0,29.0
3333.0,3342.0,588.0,603.0,38.0,5.0
5523.0,5532.0,522.0,537.0,38.0,6.0
7041.0,7050.0,171.0,186.0,38.0,7.0
2988.0,2997.0,2298.0,2313.0,38.0,8.0
1953.0,1962.0,2340.0,2355.0,38.0,9.0
4074.0,4080.0,498.0,522.0,41.0,30.0
7872.0,7881.0,3318.0,3333.0,38.0,10.0
5136.0,5181.0,3957.0,3960.0,39.0,2.0
7041.0,7050.0,336.0,351.0,38.0,11.0
5661.0,5670.0,3777.0,3792.0,38.0,12.0
3339.0,3345.0,735.0,759.0,41.0,31.0
3807.0,3852.0,4050.0,4053.0,39.0,3.0
1281.0,1302.0,2652.0,2658.0,35.0,0.0
4395.0,4404.0,552.0,567.0,38.0,13.0
420.0,429.0,3144.0,3159.0,38.0,14.0
1938.0,1947.0,2379.0,2394.0,38.0,15.0
7056.0,7065.0,132.0,147.0,38.0,16.0
3636.0,3678.0,4062.0,4065.0,36.0,0.0
4371.0,4380.0,615.0,630.0,38.0,17.0
615.0,639.0,3003.0,3009.0,43.0,25.0
5541.0,5547.0,309.0,330.0,34.0,1.0
4536.0,4581.0,3999.0,4002.0,39.0,4.0
4989.0,5010.0,423.0,429.0,35.0,1.0
4710.0,4752.0,3987.0,3990.0,36.0,1.0
4791.0,4800.0,609.0,624.0,38.0,18.0
6351.0,6372.0,222.0,228.0,35.0,2.0
6645.0,6654.0,120.0,135.0,38.0,19.0
2337.0,2346.0,2124.0,2139.0,38.0,20.0
5223.0,5265.0,3951.0,3954.0,36.0,2.0
4881.0,4923.0,3975.0,3978.0,36.0,3.0
3306.0,3312.0,660.0,681.0,34.0,2.0
2247.0,2253.0,738.0,759.0,34.0,3.0
3006.0,3015.0,2265.0,2280.0,38.0,21.0
4236.0,4281.0,4020.0,4023.0,39.0,5.0
5523.0,5565.0,3930.0,3933.0,36.0,4.0
1203.0,1212.0,2871.0,2886.0,38.0,22.0
6396.0,6417.0,234.0,240.0,35.0,3.0
213.0,234.0,3156.0,3162.0,35.0,4.0
6777.0,6798.0,186.0,192.0,35.0,5.0
3927.0,3948.0,513.0,519.0,35.0,6.0
4794.0,4836.0,3981.0,3984.0,36.0,5.0
6687.0,6708.0,162.0,168.0,35.0,7.0
3120.0,3141.0,645.0,651.0,35.0,8.0
7191.0,7212.0,135.0,141.0,35.0,9.0
5052.0,5094.0,3963.0,3966.0,36.0,6.0
7236.0,7257.0,147.0,153.0,35.0,10.0
4452.0,4494.0,4005.0,4008.0,36.0,7.0
1647.0,1665.0,2487.0,2493.0,30.0,0.0
3684.0,3696.0,750.0,759.0,29.0,0.0
2976.0,2982.0,801.0,819.0,27.0,0.0
5352.0,5394.0,3942.0,3945.0,36.0,8.0
4623.0,4665.0,3993.0,3996.0,36.0,9.0
2823.0,2841.0,642.0,648.0,30.0,1.0
7026.0,7059.0,3576.0,3579.0,26.0,0.0
4065.0,4107.0,4032.0,4035.0,36.0,10.0
6906.0,6915.0,3663.0,3678.0,38.0,23.0
3087.0,3108.0,636.0,642.0,35.0,11.0
2838.0,2841.0,492.0,534.0,33.0,0.0
4152.0,4194.0,4026.0,4029.0,36.0,11.0
6009.0,6021.0,273.0,282.0,29.0,1.0
4416.0,4425.0,663.0,675.0,28.0,0.0
4323.0,4365.0,4014.0,4017.0,36.0,12.0
258.0,279.0,3168.0,3174.0,35.0,12.0
1446.0,1464.0,2640.0,2646.0,30.0,2.0
1173.0,1179.0,2787.0,2808.0,34.0,4.0
918.0,939.0,2820.0,2826.0,35.0,13.0
7005.0,7011.0,267.0,288.0,34.0,5.0
4944.0,4965.0,411.0,417.0,35.0,14.0
5856.0,5862.0,408.0,426.0,27.0,1.0
3390.0,3396.0,591.0,609.0,27.0,2.0
6627.0,6633.0,330.0,348.0,27.0,3.0
4815.0,4821.0,543.0,561.0,27.0,4.0
129.0,135.0,3288.0,3306.0,27.0,5.0
7530.0,7566.0,3531.0,3534.0,31.0,0.0
4095.0,4101.0,603.0,621.0,27.0,6.0
5547.0,5553.0,456.0,474.0,27.0,7.0
2178.0,2196.0,2370.0,2376.0,30.0,3.0
3012.0,3018.0,2007.0,2025.0,27.0,8.0
4218.0,4236.0,504.0,510.0,30.0,4.0
7296.0,7329.0,3552.0,3555.0,26.0,1.0
7362.0,7395.0,3546.0,3549.0,26.0,2.0
5199.0,5208.0,426.0,438.0,28.0,1.0
4464.0,4467.0,363.0,402.0,32.0,0.0
4869.0,4887.0,390.0,396.0,30.0,5.0
2619.0,2625.0,768.0,786.0,27.0,9.0
1089.0,1101.0,2808.0,2817.0,29.0,2.0
1596.0,1602.0,2628.0,2646.0,27.0,10.0
6852.0,6870.0,150.0,156.0,30.0,6.0
4473.0,4479.0,504.0,525.0,34.0,6.0
2301.0,2307.0,2223.0,2241.0,27.0,11.0
2187.0,2196.0,2325.0,2337.0,28.0,2.0
540.0,558.0,2982.0,2988.0,30.0,7.0
1932.0,1941.0,2559.0,2571.0,28.0,3.0
1554.0,1560.0,2583.0,2601.0,27.0,12.0
5772.0,5784.0,291.0,300.0,29.0,3.0
4755.0,4761.0,543.0,561.0,27.0,13.0
5604.0,5610.0,3864.0,3882.0,27.0,14.0
5967.0,5985.0,264.0,270.0,30.0,8.0
4125.0,4131.0,519.0,537.0,27.0,15.0
5505.0,5511.0,408.0,426.0,27.0,16.0
3369.0,3372.0,492.0,525.0,25.0,0.0
7464.0,7497.0,3537.0,3540.0,26.0,3.0
2553.0,2562.0,2154.0,2166.0,28.0,4.0
3027.0,3033.0,657.0,675.0,27.0,17.0
7815.0,7824.0,3402.0,3414.0,28.0,5.0
2304.0,2310.0,741.0,759.0,27.0,18.0
7092.0,7125.0,3570.0,3573.0,26.0,4.0
2004.0,2010.0,2358.0,2376.0,27.0,19.0
10191.0,10221.0,3072.0,3075.0,24.0,0.0
6216.0,6222.0,345.0,360.0,22.0,0.0
453.0,459.0,3063.0,3081.0,27.0,20.0
7701.0,7734.0,3516.0,3519.0,26.0,5.0
4806.0,4812.0,411.0,426.0,22.0,1.0
7161.0,7194.0,3564.0,3567.0,26.0,6.0
2235.0,2241.0,777.0,792.0,22.0,2.0
2661.0,2679.0,654.0,660.0,30.0,9.0
4113.0,4119.0,552.0,567.0,22.0,3.0
1605.0,1611.0,2451.0,2466.0,22.0,4.0
1203.0,1209.0,2712.0,2727.0,22.0,5.0
9597.0,9627.0,3135.0,3138.0,24.0,1.0
7632.0,7665.0,3522.0,3525.0,26.0,7.0
2961.0,2967.0,2013.0,2028.0,22.0,6.0
5559.0,5565.0,423.0,438.0,22.0,7.0
2301.0,2307.0,2385.0,2400.0,22.0,8.0
4098.0,4104.0,441.0,459.0,27.0,21.0
5139.0,5148.0,429.0,441.0,28.0,6.0
8721.0,8751.0,3228.0,3231.0,24.0,2.0
1575.0,1581.0,2529.0,2544.0,22.0,9.0
900.0,906.0,2871.0,2886.0,22.0,10.0
3693.0,3699.0,573.0,588.0,22.0,11.0
9654.0,9684.0,3129.0,3132.0,24.0,3.0
2325.0,2331.0,2163.0,2178.0,22.0,12.0
8637.0,8667.0,3237.0,3240.0,24.0,4.0
4014.0,4020.0,663.0,678.0,22.0,13.0
831.0,837.0,2904.0,2919.0,22.0,14.0
4860.0,4866.0,417.0,432.0,22.0,15.0
2292.0,2298.0,777.0,795.0,27.0,22.0
477.0,483.0,3159.0,3177.0,27.0,23.0
5169.0,5175.0,510.0,528.0,27.0,24.0
1926.0,1932.0,2418.0,2433.0,22.0,16.0
4827.0,4833.0,510.0,525.0,22.0,17.0
2190.0,2196.0,933.0,948.0,22.0,18.0
10812.0,10842.0,3006.0,3009.0,24.0,5.0
4062.0,4068.0,537.0,552.0,22.0,19.0
4083.0,4089.0,639.0,654.0,22.0,20.0
3765.0,3795.0,528.0,531.0,24.0,6.0
2274.0,2280.0,828.0,843.0,22.0,21.0
4485.0,4491.0,471.0,486.0,22.0,22.0
6207.0,6213.0,369.0,384.0,22.0,23.0
10869.0,10899.0,3000.0,3003.0,24.0,7.0
6975.0,6981.0,3582.0,3597.0,22.0,24.0
1218.0,1224.0,2832.0,2847.0,22.0,25.0
501.0,507.0,2940.0,2955.0,22.0,26.0
5907.0,5913.0,435.0,450.0,22.0,27.0
5214.0,5220.0,384.0,399.0,22.0,28.0
2916.0,2922.0,801.0,816.0,22.0,29.0
1956.0,1962.0,2496.0,2511.0,22.0,30.0
2394.0,2409.0,732.0,738.0,23.0,0.0
4071.0,4077.0,672.0,687.0,22.0,31.0
2274.0,2280.0,675.0,690.0,22.0,32.0
1224.0,1230.0,2658.0,2673.0,22.0,33.0
2595.0,2601.0,681.0,696.0,22.0,34.0
2280.0,2286.0,2280.0,2295.0,22.0,35.0
7029.0,7035.0,210.0,225.0,22.0,36.0
8778.0,8808.0,3222.0,3225.0,24.0,8.0
4437.0,4443.0,450.0,465.0,22.0,37.0
7764.0,7770.0,3477.0,3492.0,22.0,38.0
5844.0,5850.0,441.0,456.0,22.0,39.0
3663.0,3669.0,651.0,666.0,22.0,40.0
2976.0,2982.0,645.0,660.0,22.0,41.0
2262.0,2268.0,705.0,720.0,22.0,42.0
4767.0,4773.0,513.0,528.0,22.0,43.0
3345.0,3351.0,564.0,579.0,22.0,44.0
6261.0,6267.0,384.0,399.0,22.0,45.0
5646.0,5652.0,3804.0,3819.0,22.0,46.0
5529.0,5535.0,348.0,363.0,22.0,47.0
1812.0,1827.0,2523.0,2529.0,23.0,1.0
2784.0,2799.0,633.0,639.0,23.0,2.0
117.0,123.0,3324.0,3339.0,22.0,48.0
489.0,495.0,3126.0,3141.0,22.0,49.0
4779.0,4785.0,483.0,498.0,22.0,50.0
4827.0,4833.0,357.0,372.0,22.0,51.0
2997.0,3003.0,744.0,759.0,22.0,52.0
5919.0,5925.0,246.0,261.0,22.0,53.0
7071.0,7077.0,99.0,114.0,22.0,54.0
3276.0,3282.0,744.0,759.0,22.0,55.0
7251.0,7278.0,99.0,102.0,21.0,0.0
3651.0,3657.0,681.0,696.0,22.0,56.0
4026.0,4032.0,630.0,645.0,22.0,57.0
3357.0,3363.0,531.0,546.0,22.0,58.0
10503.0,10530.0,3039.0,3042.0,21.0,1.0
5127.0,5133.0,465.0,480.0,22.0,59.0
9882.0,9909.0,3105.0,3108.0,21.0,2.0
5181.0,5187.0,477.0,492.0,22.0,60.0
1533.0,1539.0,2640.0,2655.0,22.0,61.0
2313.0,2319.0,2193.0,2208.0,22.0,62.0
3033.0,3036.0,2160.0,2187.0,19.0,0.0
3294.0,3300.0,696.0,711.0,22.0,63.0
8835.0,8862.0,3216.0,3219.0,21.0,3.0
5517.0,5523.0,378.0,393.0,22.0,64.0
714.0,723.0,3012.0,3021.0,20.0,0.0
7932.0,7959.0,3312.0,3315.0,21.0,4.0
6495.0,6504.0,204.0,213.0,20.0,1.0
6279.0,6285.0,333.0,348.0,22.0,65.0
7017.0,7023.0,240.0,255.0,22.0,66.0
6633.0,6639.0,159.0,174.0,22.0,67.0
9372.0,9399.0,3159.0,3162.0,21.0,5.0
10614.0,10644.0,3027.0,3030.0,24.0,9.0
5577.0,5586.0,3909.0,3918.0,20.0,2.0
3207.0,3222.0,612.0,618.0,23.0,3.0
9543.0,9570.0,3141.0,3144.0,21.0,6.0
1569.0,1575.0,2706.0,2721.0,22.0,68.0
4452.0,4458.0,564.0,579.0,22.0,69.0
8073.0,8100.0,3297.0,3300.0,21.0,7.0
10701.0,10728.0,3018.0,3021.0,21.0,8.0
9429.0,9456.0,3153.0,3156.0,21.0,9.0
8892.0,8919.0,3210.0,3213.0,21.0,10.0
9090.0,9117.0,3189.0,3192.0,21.0,11.0
795.0,804.0,3045.0,3054.0,20.0,3.0
9966.0,9993.0,3096.0,3099.0,21.0,12.0
10305.0,10332.0,3060.0,3063.0,21.0,13.0
8157.0,8184.0,3288.0,3291.0,21.0,14.0
10446.0,10473.0,3045.0,3048.0,21.0,15.0
8412.0,8439.0,3261.0,3264.0,21.0,16.0
10050.0,10077.0,3087.0,3090.0,21.0,17.0
1455.0,1464.0,2682.0,2691.0,20.0,4.0
1770.0,1797.0,2469.0,2472.0,21.0,18.0
10248.0,10275.0,3066.0,3069.0,21.0,19.0
3096.0,3123.0,588.0,591.0,21.0,20.0
6141.0,6150.0,255.0,264.0,20.0,5.0
10107.0,10134.0,3081.0,3084.0,21.0,21.0
8214.0,8241.0,3282.0,3285.0,21.0,22.0
10362.0,10389.0,3054.0,3057.0,21.0,23.0
6996.0,7005.0,342.0,351.0,20.0,6.0
10758.0,10785.0,3012.0,3015.0,21.0,24.0
8469.0,8496.0,3255.0,3258.0,21.0,25.0
4311.0,4320.0,513.0,522.0,20.0,7.0
10926.0,10953.0,2994.0,2997.0,21.0,26.0
8553.0,8580.0,3246.0,3249.0,21.0,27.0
9231.0,9258.0,3174.0,3177.0,21.0,28.0
9147.0,9174.0,3183.0,3186.0,21.0,29.0
6879.0,6888.0,3702.0,3711.0,20.0,8.0
303.0,315.0,3177.0,3183.0,17.0,0.0
8328.0,8355.0,3270.0,3273.0,21.0,30.0
9768.0,9795.0,3117.0,3120.0,21.0,31.0
9288.0,9315.0,3168.0,3171.0,21.0,32.0
8271.0,8298.0,3276.0,3279.0,21.0,33.0
2973.0,2976.0,2214.0,2241.0,19.0,1.0
2487.0,2496.0,702.0,711.0,20.0,9.0
9825.0,9852.0,3111.0,3114.0,21.0,34.0
9006.0,9033.0,3198.0,3201.0,21.0,35.0
4056.0,4065.0,708.0,717.0,20.0,10.0
3573.0,3582.0,558.0,567.0,20.0,11.0
4623.0,4647.0,423.0,426.0,18.0,0.0
2190.0,2196.0,894.0,909.0,22.0,70.0
6495.0,6504.0,243.0,252.0,20.0,12.0
9711.0,9738.0,3123.0,3126.0,21.0,36.0
8016.0,8043.0,3303.0,3306.0,21.0,37.0
10983.0,11010.0,2988.0,2991.0,21.0,38.0
9486.0,9513.0,3147.0,3150.0,21.0,39.0
4587.0,4611.0,414.0,417.0,18.0,1.0
2973.0,2976.0,2037.0,2064.0,19.0,2.0
5100.0,5109.0,582.0,591.0,20.0,13.0
4908.0,4920.0,399.0,405.0,17.0,1.0
2316.0,2328.0,711.0,717.0,17.0,2.0
354.0,363.0,3138.0,3147.0,20.0,14.0
7800.0,7809.0,3426.0,3435.0,20.0,15.0
3165.0,3189.0,657.0,660.0,18.0,2.0
2535.0,2544.0,879.0,888.0,20.0,16.0
2553.0,2562.0,2196.0,2205.0,20.0,17.0
4371.0,4380.0,666.0,675.0,20.0,18.0
1047.0,1059.0,2799.0,2805.0,17.0,3.0
7155.0,7167.0,123.0,129.0,17.0,4.0
5043.0,5052.0,381.0,390.0,20.0,19.0
2829.0,2841.0,687.0,693.0,17.0,5.0
6777.0,6804.0,135.0,138.0,21.0,40.0
1410.0,1422.0,2631.0,2637.0,17.0,6.0
2748.0,2760.0,624.0,630.0,17.0,7.0
3276.0,3288.0,795.0,801.0,17.0,8.0
714.0,723.0,2973.0,2982.0,20.0,20.0
3642.0,3648.0,747.0,759.0,16.0,0.0
1008.0,1020.0,2841.0,2847.0,17.0,9.0
4311.0,4320.0,474.0,483.0,20.0,21.0
4551.0,4575.0,405.0,408.0,18.0,3.0
5400.0,5406.0,348.0,360.0,16.0,1.0
3159.0,3183.0,603.0,606.0,18.0,4.0
2733.0,2757.0,675.0,678.0,18.0,5.0
5775.0,5784.0,333.0,342.0,20.0,22.0
6141.0,6150.0,294.0,303.0,20.0,23.0
2454.0,2466.0,2184.0,2190.0,17.0,10.0
2712.0,2724.0,615.0,621.0,17.0,11.0
2916.0,2925.0,849.0,858.0,20.0,24.0
1746.0,1758.0,2460.0,2466.0,17.0,12.0
2943.0,2949.0,2289.0,2301.0,16.0,2.0
3936.0,3948.0,558.0,564.0,17.0,13.0
6753.0,6765.0,126.0,132.0,17.0,14.0
5355.0,5379.0,339.0,342.0,18.0,6.0
6075.0,6099.0,294.0,297.0,18.0,7.0
3522.0,3534.0,597.0,603.0,17.0,15.0
1731.0,1743.0,2508.0,2514.0,17.0,16.0
7122.0,7134.0,114.0,120.0,17.0,17.0
3312.0,3324.0,795.0,801.0,17.0,18.0
4191.0,4203.0,495.0,501.0,17.0,19.0
594.0,618.0,2946.0,2949.0,18.0,8.0
1359.0,1383.0,2622.0,2625.0,18.0,9.0
6093.0,6117.0,246.0,249.0,18.0,10.0
1368.0,1380.0,2673.0,2679.0,17.0,20.0
4908.0,4932.0,351.0,354.0,18.0,11.0
3540.0,3552.0,549.0,555.0,17.0,21.0
831.0,843.0,3048.0,3054.0,17.0,22.0
6600.0,6612.0,390.0,396.0,17.0,23.0
3879.0,3903.0,504.0,507.0,18.0,12.0
1890.0,1896.0,2559.0,2571.0,16.0,3.0
6384.0,6396.0,177.0,183.0,17.0,24.0
5691.0,5715.0,276.0,279.0,18.0,13.0
6069.0,6081.0,237.0,243.0,17.0,25.0
2352.0,2364.0,720.0,726.0,17.0,26.0
1335.0,1347.0,2613.0,2619.0,17.0,27.0
4944.0,4968.0,360.0,363.0,18.0,14.0
5043.0,5052.0,420.0,429.0,20.0,25.0
4410.0,4416.0,522.0,534.0,16.0,4.0
7845.0,7851.0,3363.0,3375.0,16.0,5.0
2988.0,2994.0,1968.0,1980.0,16.0,6.0
3432.0,3456.0,576.0,579.0,18.0,15.0
2790.0,2802.0,687.0,693.0,17.0,28.0
2529.0,2553.0,2154.0,2157.0,18.0,16.0
2436.0,2460.0,693.0,696.0,18.0,17.0
2433.0,2445.0,2127.0,2133.0,17.0,29.0
5733.0,5745.0,336.0,342.0,17.0,30.0
1215.0,1221.0,2685.0,2697.0,16.0,7.0
99.0,105.0,3369.0,3381.0,16.0,8.0
5319.0,5343.0,330.0,333.0,18.0,18.0
582.0,594.0,2991.0,2997.0,17.0,31.0
2700.0,2712.0,663.0,669.0,17.0,32.0
7167.0,7191.0,78.0,81.0,18.0,19.0
5304.0,5316.0,375.0,381.0,17.0,33.0
234.0,258.0,3111.0,3114.0,18.0,20.0
1158.0,1170.0,2880.0,2886.0,17.0,34.0
2073.0,2085.0,2298.0,2304.0,17.0,35.0
2037.0,2049.0,2340.0,2346.0,17.0,36.0
6441.0,6453.0,243.0,249.0,17.0,37.0
6021.0,6042.0,279.0,282.0,15.0,0.0
2580.0,2586.0,876.0,888.0,16.0,9.0
5487.0,5493.0,459.0,471.0,16.0,10.0
6573.0,6579.0,318.0,330.0,16.0,11.0
6624.0,6630.0,186.0,198.0,16.0,12.0
1815.0,1827.0,2478.0,2484.0,17.0,38.0
6564.0,6576.0,390.0,396.0,17.0,39.0
3399.0,3420.0,567.0,570.0,15.0,1.0
1041.0,1053.0,2850.0,2856.0,17.0,40.0
2949.0,2955.0,1989.0,2001.0,16.0,13.0
3741.0,3747.0,597.0,609.0,16.0,14.0
7881.0,7902.0,3318.0,3321.0,15.0,2.0
4014.0,4026.0,711.0,717.0,17.0,41.0
6261.0,6267.0,231.0,243.0,16.0,15.0
3018.0,3021.0,684.0,705.0,14.0,0.0
5247.0,5259.0,360.0,366.0,17.0,42.0
2634.0,2640.0,726.0,738.0,16.0,16.0
4665.0,4677.0,432.0,438.0,17.0,43.0
2073.0,2094.0,2352.0,2355.0,15.0,3.0
2226.0,2232.0,807.0,816.0,11.0,0.0
360.0,363.0,3162.0,3183.0,14.0,1.0
2490.0,2511.0,2196.0,2199.0,15.0,4.0
5751.0,5772.0,291.0,294.0,15.0,5.0
6660.0,6666.0,237.0,246.0,11.0,1.0
4596.0,4617.0,468.0,471.0,15.0,6.0
2985.0,2991.0,777.0,786.0,11.0,2.0
1095.0,1101.0,2847.0,2856.0,11.0,3.0
5655.0,5676.0,318.0,321.0,15.0,7.0
5205.0,5208.0,408.0,426.0,10.0,0.0
57.0,63.0,3330.0,3339.0,11.0,4.0
1239.0,1242.0,2772.0,2790.0,10.0,1.0
180.0,201.0,3147.0,3150.0,15.0,8.0
1767.0,1788.0,2520.0,2523.0,15.0,9.0
2337.0,2343.0,2283.0,2292.0,11.0,5.0
2487.0,2496.0,744.0,750.0,12.0,0.0
2130.0,2151.0,2367.0,2370.0,15.0,10.0
2952.0,2955.0,714.0,732.0,10.0,2.0
10566.0,10587.0,3033.0,3036.0,15.0,11.0
1947.0,1950.0,2520.0,2538.0,10.0,3.0
5952.0,5955.0,306.0,324.0,10.0,4.0
3702.0,3705.0,705.0,723.0,10.0,5.0
7860.0,7866.0,3345.0,3354.0,11.0,6.0
6312.0,6318.0,240.0,249.0,11.0,7.0
3360.0,3363.0,675.0,693.0,10.0,6.0
2256.0,2259.0,2349.0,2367.0,10.0,7.0
3852.0,3873.0,549.0,552.0,15.0,12.0
6306.0,6309.0,255.0,273.0,10.0,8.0
7077.0,7083.0,237.0,246.0,11.0,8.0
876.0,882.0,2937.0,2946.0,11.0,9.0
2292.0,2298.0,2256.0,2265.0,11.0,10.0
4428.0,4434.0,480.0,489.0,11.0,11.0
483.0,489.0,2994.0,3003.0,11.0,12.0
2262.0,2268.0,861.0,870.0,11.0,13.0
3024.0,3027.0,2043.0,2064.0,14.0,2.0
3579.0,3582.0,585.0,603.0,10.0,9.0
7110.0,7116.0,144.0,153.0,11.0,14.0
2535.0,2541.0,843.0,852.0,11.0,15.0
138.0,144.0,3264.0,3273.0,11.0,16.0
5160.0,5163.0,534.0,552.0,10.0,10.0
6678.0,6681.0,186.0,204.0,10.0,11.0
5538.0,5541.0,480.0,498.0,10.0,12.0
3021.0,3024.0,2223.0,2241.0,10.0,13.0
498.0,504.0,3099.0,3108.0,11.0,17.0
1596.0,1599.0,2481.0,2499.0,10.0,14.0
2190.0,2196.0,2361.0,2370.0,11.0,18.0
2964.0,2970.0,2250.0,2259.0,11.0,19.0
4746.0,4752.0,615.0,624.0,11.0,20.0
3348.0,3354.0,711.0,720.0,11.0,21.0
3693.0,3696.0,732.0,750.0,10.0,15.0
1455.0,1464.0,2646.0,2652.0,12.0,1.0
6321.0,6339.0,213.0,216.0,13.0,0.0
456.0,465.0,3210.0,3216.0,12.0,2.0
5496.0,5502.0,441.0,450.0,11.0,22.0
2352.0,2358.0,2241.0,2250.0,11.0,23.0
57.0,66.0,3375.0,3381.0,12.0,3.0
4497.0,4515.0,441.0,444.0,13.0,1.0
1626.0,1632.0,2544.0,2553.0,11.0,24.0
2544.0,2550.0,819.0,828.0,11.0,25.0
7296.0,7302.0,108.0,117.0,11.0,26.0
2607.0,2613.0,804.0,813.0,11.0,27.0
156.0,159.0,3213.0,3231.0,10.0,16.0
6246.0,6252.0,273.0,282.0,11.0,28.0
1269.0,1275.0,2688.0,2697.0,11.0,29.0
531.0,534.0,3006.0,3024.0,10.0,17.0
5622.0,5628.0,3846.0,3855.0,11.0,30.0
2247.0,2250.0,903.0,921.0,10.0,18.0
6648.0,6651.0,270.0,288.0,10.0,19.0
6639.0,6642.0,297.0,315.0,10.0,20.0
1230.0,1233.0,2796.0,2814.0,10.0,21.0
5592.0,5598.0,3891.0,3900.0,11.0,31.0
1605.0,1611.0,2604.0,2613.0,11.0,32.0
5682.0,5700.0,324.0,327.0,13.0,2.0
852.0,858.0,3006.0,3015.0,11.0,33.0
2643.0,2649.0,702.0,711.0,11.0,34.0
5136.0,5145.0,585.0,591.0,12.0,4.0
6564.0,6570.0,345.0,354.0,11.0,35.0
6270.0,6276.0,210.0,219.0,11.0,36.0
1578.0,1584.0,2679.0,2688.0,11.0,37.0
1524.0,1530.0,2712.0,2721.0,11.0,38.0
7032.0,7041.0,345.0,351.0,12.0,5.0
3753.0,3756.0,561.0,579.0,10.0,22.0
7101.0,7107.0,168.0,177.0,11.0,39.0
6894.0,6900.0,3687.0,3696.0,11.0,40.0
2592.0,2595.0,846.0,864.0,10.0,23.0
2613.0,2616.0,639.0,657.0,10.0,24.0
2622.0,2625.0,615.0,633.0,10.0,25.0
1638.0,1641.0,2511.0,2529.0,10.0,26.0
5886.0,5892.0,489.0,498.0,11.0,41.0
1908.0,1914.0,2472.0,2481.0,11.0,42.0
4440.0,4446.0,597.0,606.0,11.0,43.0
4803.0,4809.0,576.0,585.0,11.0,44.0
5400.0,5406.0,384.0,393.0,11.0,45.0
2196.0,2205.0,942.0,948.0,12.0,6.0
801.0,807.0,2988.0,2997.0,11.0,46.0
444.0,450.0,3096.0,3105.0,11.0,47.0
7296.0,7302.0,144.0,153.0,11.0,48.0
5601.0,5619.0,303.0,306.0,13.0,3.0
5916.0,5922.0,408.0,417.0,11.0,49.0
2601.0,2604.0,819.0,837.0,10.0,27.0
5574.0,5580.0,378.0,387.0,11.0,50.0
5634.0,5640.0,3828.0,3837.0,11.0,51.0
4386.0,4389.0,588.0,606.0,10.0,28.0
6927.0,6933.0,3645.0,3654.0,11.0,52.0
3684.0,3690.0,603.0,612.0,11.0,53.0
66.0,72.0,3306.0,3315.0,11.0,54.0
3942.0,3948.0,519.0,528.0,11.0,55.0
5187.0,5193.0,315.0,324.0,11.0,56.0
6279.0,6282.0,186.0,204.0,10.0,29.0
2604.0,2610.0,663.0,672.0,11.0,57.0
6243.0,6249.0,432.0,441.0,11.0,58.0
7083.0,7089.0,75.0,84.0,11.0,59.0
7788.0,7794.0,3447.0,3456.0,11.0,60.0
4419.0,4425.0,504.0,513.0,11.0,61.0
5940.0,5946.0,339.0,348.0,11.0,62.0
4671.0,4677.0,468.0,477.0,11.0,63.0
5910.0,5916.0,276.0,285.0,11.0,64.0
5157.0,5163.0,393.0,402.0,11.0,65.0
5901.0,5907.0,300.0,309.0,11.0,66.0
6867.0,6870.0,156.0,174.0,10.0,30.0
2379.0,2397.0,2166.0,2169.0,13.0,4.0
5166.0,5172.0,369.0,378.0,11.0,67.0
810.0,816.0,2964.0,2973.0,11.0,68.0
2988.0,2994.0,621.0,630.0,11.0,69.0
492.0,498.0,2970.0,2979.0,11.0,70.0
2967.0,2973.0,675.0,684.0,11.0,71.0
5589.0,5595.0,336.0,345.0,11.0,72.0
6867.0,6870.0,180.0,198.0,10.0,31.0
2943.0,2949.0,738.0,747.0,11.0,73.0
7041.0,7044.0,186.0,201.0,8.0,0.0
6198.0,6207.0,441.0,447.0,12.0,7.0
7833.0,7839.0,3384.0,3393.0,11.0,74.0
5118.0,5124.0,495.0,504.0,11.0,75.0
4818.0,4824.0,387.0,396.0,11.0,76.0
1587.0,1593.0,2505.0,2514.0,11.0,77.0
6615.0,6621.0,213.0,222.0,11.0,78.0
1524.0,1530.0,2670.0,2679.0,11.0,79.0
2253.0,2259.0,885.0,894.0,11.0,80.0
417.0,426.0,3210.0,3216.0,12.0,8.0
5898.0,5901.0,459.0,477.0,10.0,32.0
5478.0,5487.0,531.0,537.0,12.0,9.0
2256.0,2262.0,2391.0,2400.0,11.0,81.0
4089.0,4095.0,474.0,483.0,11.0,82.0
3213.0,3222.0,654.0,660.0,12.0,10.0
5610.0,5616.0,3864.0,3873.0,11.0,83.0
6996.0,7002.0,303.0,312.0,11.0,84.0
5892.0,5895.0,324.0,339.0,8.0,1.0
2928.0,2934.0,777.0,786.0,11.0,85.0
3336.0,3339.0,744.0,759.0,8.0,2.0
2952.0,2961.0,852.0,858.0,12.0,11.0
141.0,144.0,3111.0,3126.0,8.0,3.0
4422.0,4425.0,648.0,663.0,8.0,4.0
2208.0,2211.0,855.0,870.0,8.0,5.0
2271.0,2277.0,2310.0,2319.0,11.0,86.0
5844.0,5853.0,492.0,498.0,12.0,12.0
6297.0,6300.0,282.0,297.0,8.0,6.0
1986.0,1992.0,2409.0,2418.0,11.0,87.0
4797.0,4800.0,594.0,609.0,8.0,7.0
2322.0,2328.0,2325.0,2334.0,11.0,88.0
867.0,870.0,2817.0,2832.0,8.0,8.0
3726.0,3729.0,639.0,654.0,8.0,9.0
7056.0,7059.0,297.0,312.0,8.0,10.0
4038.0,4041.0,609.0,624.0,8.0,11.0
5547.0,5550.0,309.0,324.0,8.0,12.0
3768.0,3783.0,525.0,528.0,9.0,0.0
5931.0,5934.0,222.0,237.0,8.0,13.0
1917.0,1923.0,2448.0,2457.0,11.0,89.0
6591.0,6594.0,276.0,291.0,8.0,14.0
465.0,468.0,3042.0,3057.0,8.0,15.0
171.0,174.0,3171.0,3186.0,8.0,16.0
7056.0,7059.0,147.0,162.0,8.0,17.0
1194.0,1197.0,2745.0,2760.0,8.0,18.0
1917.0,1932.0,2568.0,2571.0,9.0,1.0
3720.0,3723.0,510.0,525.0,8.0,19.0
5529.0,5532.0,507.0,522.0,8.0,20.0
3711.0,3714.0,681.0,696.0,8.0,21.0
1425.0,1440.0,2688.0,2691.0,9.0,2.0
5478.0,5481.0,489.0,504.0,8.0,22.0
2163.0,2178.0,2373.0,2376.0,9.0,3.0
4080.0,4083.0,498.0,513.0,8.0,23.0
5877.0,5880.0,363.0,378.0,8.0,24.0
5781.0,5784.0,300.0,315.0,8.0,25.0
3642.0,3645.0,714.0,729.0,8.0,26.0
5139.0,5142.0,441.0,456.0,8.0,27.0
3330.0,3333.0,762.0,777.0,8.0,28.0
6228.0,6231.0,321.0,336.0,8.0,29.0
4395.0,4398.0,567.0,582.0,8.0,30.0
2472.0,2487.0,702.0,705.0,9.0,4.0
5556.0,5559.0,285.0,300.0,8.0,31.0
6582.0,6585.0,300.0,315.0,8.0,32.0
3333.0,3336.0,603.0,618.0,8.0,33.0
1953.0,1956.0,2355.0,2370.0,8.0,34.0
1938.0,1941.0,2394.0,2409.0,8.0,35.0
3705.0,3708.0,549.0,564.0,8.0,36.0
435.0,438.0,3120.0,3135.0,8.0,37.0
4371.0,4374.0,630.0,645.0,8.0,38.0
5100.0,5103.0,543.0,558.0,8.0,39.0
7047.0,7050.0,321.0,336.0,8.0,40.0
5109.0,5112.0,519.0,534.0,8.0,41.0
5151.0,5154.0,561.0,576.0,8.0,42.0
2217.0,2220.0,831.0,846.0,8.0,43.0
2364.0,2367.0,2208.0,2223.0,8.0,44.0
6606.0,6609.0,237.0,252.0,8.0,45.0
4791.0,4794.0,459.0,474.0,8.0,46.0
4845.0,4848.0,459.0,474.0,8.0,47.0
1164.0,1167.0,2823.0,2838.0,8.0,48.0
852.0,855.0,2856.0,2871.0,8.0,49.0
6237.0,6240.0,297.0,312.0,8.0,50.0
1074.0,1089.0,2808.0,2811.0,9.0,5.0
3318.0,3321.0,642.0,657.0,8.0,51.0
4047.0,4050.0,585.0,600.0,8.0,52.0
522.0,525.0,3033.0,3048.0,8.0,53.0
6645.0,6648.0,135.0,150.0,8.0,54.0
1545.0,1548.0,2616.0,2631.0,8.0,55.0
3381.0,3384.0,618.0,633.0,8.0,56.0
6618.0,6621.0,357.0,372.0,8.0,57.0
3030.0,3033.0,2073.0,2088.0,8.0,58.0
420.0,423.0,3159.0,3174.0,8.0,59.0
87.0,90.0,3252.0,3267.0,8.0,60.0
2586.0,2589.0,711.0,726.0,8.0,61.0
102.0,105.0,3213.0,3228.0,8.0,62.0
2571.0,2574.0,750.0,765.0,8.0,63.0
5928.0,5931.0,375.0,390.0,8.0,64.0
6198.0,6201.0,399.0,414.0,8.0,65.0
1566.0,1569.0,2562.0,2577.0,8.0,66.0
1974.0,1977.0,2445.0,2460.0,8.0,67.0
864.0,867.0,2973.0,2988.0,8.0,68.0
843.0,846.0,2880.0,2895.0,8.0,69.0
1899.0,1902.0,2496.0,2511.0,8.0,70.0
4455.0,4458.0,411.0,426.0,8.0,71.0
1185.0,1188.0,2769.0,2784.0,8.0,72.0
2253.0,2256.0,738.0,753.0,8.0,73.0
3729.0,3732.0,486.0,501.0,8.0,74.0
2553.0,2556.0,798.0,813.0,8.0,75.0
474.0,477.0,3018.0,3033.0,8.0,76.0
1890.0,1893.0,2520.0,2535.0,8.0,77.0
2337.0,2340.0,2139.0,2154.0,8.0,78.0
4140.0,4155.0,483.0,486.0,9.0,6.0
1257.0,1260.0,2721.0,2736.0,8.0,79.0
1242.0,1245.0,2619.0,2634.0,8.0,80.0
3675.0,3678.0,627.0,642.0,8.0,81.0
1968.0,1971.0,2316.0,2331.0,8.0,82.0
2967.0,2970.0,828.0,843.0,8.0,83.0
1977.0,1980.0,2292.0,2307.0,8.0,84.0
2172.0,2187.0,2325.0,2328.0,9.0,7.0
1209.0,1212.0,2856.0,2871.0,8.0,85.0
1896.0,1911.0,2568.0,2571.0,9.0,8.0
5868.0,5871.0,387.0,402.0,8.0,86.0
87.0,99.0,3378.0,3381.0,7.0,0.0
2562.0,2565.0,774.0,789.0,8.0,87.0
4275.0,4290.0,468.0,471.0,9.0,9.0
882.0,885.0,2778.0,2793.0,8.0,88.0
7071.0,7074.0,255.0,270.0,8.0,89.0
2013.0,2028.0,2334.0,2337.0,9.0,10.0
4746.0,4749.0,576.0,591.0,8.0,90.0
3003.0,3006.0,582.0,597.0,8.0,91.0
2361.0,2373.0,675.0,678.0,7.0,1.0
1563.0,1569.0,2715.0,2721.0,6.0,0.0
3219.0,3222.0,618.0,633.0,8.0,92.0
5631.0,5643.0,309.0,312.0,7.0,2.0
1158.0,1161.0,2868.0,2880.0,5.0,0.0
7179.0,7191.0,81.0,84.0,7.0,3.0
7257.0,7269.0,150.0,153.0,7.0,4.0
5367.0,5379.0,342.0,345.0,7.0,5.0
7095.0,7098.0,186.0,198.0,5.0,1.0
2811.0,2823.0,642.0,645.0,7.0,6.0
5643.0,5655.0,264.0,267.0,7.0,7.0
117.0,120.0,3174.0,3189.0,8.0,93.0
132.0,135.0,3135.0,3150.0,8.0,94.0
630.0,642.0,2955.0,2958.0,7.0,8.0
2097.0,2109.0,2307.0,2310.0,7.0,9.0
615.0,627.0,3000.0,3003.0,7.0,10.0
3012.0,3018.0,699.0,705.0,6.0,1.0
1035.0,1047.0,2799.0,2802.0,7.0,11.0
6459.0,6471.0,198.0,201.0,7.0,12.0
963.0,975.0,2829.0,2832.0,7.0,13.0
6741.0,6753.0,126.0,129.0,7.0,14.0
3855.0,3867.0,498.0,501.0,7.0,15.0
987.0,999.0,2787.0,2790.0,7.0,16.0
3171.0,3183.0,606.0,609.0,7.0,17.0
6435.0,6447.0,192.0,195.0,7.0,18.0
7011.0,7014.0,267.0,279.0,5.0,2.0
4629.0,4641.0,474.0,477.0,7.0,19.0
7203.0,7215.0,87.0,90.0,7.0,20.0
1095.0,1101.0,2817.0,2823.0,6.0,2.0
5007.0,5019.0,375.0,378.0,7.0,21.0
5049.0,5052.0,390.0,402.0,5.0,3.0
3165.0,3177.0,654.0,657.0,7.0,22.0
6372.0,6384.0,177.0,180.0,7.0,23.0
4572.0,4584.0,459.0,462.0,7.0,24.0
2049.0,2061.0,2343.0,2346.0,7.0,25.0
1443.0,1455.0,2688.0,2691.0,7.0,26.0
6372.0,6384.0,225.0,228.0,7.0,27.0
3477.0,3489.0,585.0,588.0,7.0,28.0
1824.0,1827.0,2511.0,2523.0,5.0,4.0
2523.0,2535.0,2202.0,2205.0,7.0,29.0
4014.0,4017.0,699.0,711.0,5.0,5.0
2559.0,2562.0,2184.0,2196.0,5.0,6.0
2193.0,2196.0,2337.0,2349.0,5.0,7.0
6057.0,6069.0,237.0,240.0,7.0,30.0
2457.0,2469.0,2136.0,2139.0,7.0,31.0
6147.0,6150.0,264.0,276.0,5.0,8.0
6006.0,6018.0,225.0,228.0,7.0,32.0
2448.0,2460.0,696.0,699.0,7.0,33.0
4599.0,4611.0,417.0,420.0,7.0,34.0
3915.0,3927.0,513.0,516.0,7.0,35.0
2505.0,2517.0,2148.0,2151.0,7.0,36.0
3276.0,3282.0,789.0,795.0,6.0,3.0
3891.0,3903.0,507.0,510.0,7.0,37.0
2388.0,2400.0,681.0,684.0,7.0,38.0
3885.0,3897.0,555.0,558.0,7.0,39.0
6942.0,6948.0,3630.0,3636.0,6.0,4.0
3828.0,3840.0,492.0,495.0,7.0,40.0
3528.0,3540.0,549.0,552.0,7.0,41.0
6708.0,6720.0,165.0,168.0,7.0,42.0
1785.0,1797.0,2472.0,2475.0,7.0,43.0
1398.0,1410.0,2631.0,2634.0,7.0,44.0
2235.0,2241.0,936.0,942.0,6.0,5.0
3063.0,3075.0,627.0,630.0,7.0,45.0
654.0,666.0,2961.0,2964.0,7.0,46.0
5010.0,5022.0,426.0,429.0,7.0,47.0
2289.0,2292.0,783.0,795.0,5.0,9.0
2295.0,2301.0,2394.0,2400.0,6.0,6.0
1371.0,1383.0,2625.0,2628.0,7.0,48.0
1179.0,1182.0,2787.0,2799.0,5.0,10.0
5781.0,5784.0,321.0,333.0,5.0,11.0
2955.0,2958.0,2271.0,2283.0,5.0,12.0
1686.0,1698.0,2448.0,2451.0,7.0,49.0
2541.0,2553.0,2202.0,2205.0,7.0,50.0
3567.0,3579.0,600.0,603.0,7.0,51.0
6129.0,6141.0,255.0,258.0,7.0,52.0
3804.0,3816.0,486.0,489.0,7.0,53.0
5745.0,5757.0,339.0,342.0,7.0,54.0
5667.0,5679.0,270.0,273.0,7.0,55.0
5292.0,5304.0,324.0,327.0,7.0,56.0
4944.0,4956.0,408.0,411.0,7.0,57.0
4887.0,4899.0,393.0,396.0,7.0,58.0
4563.0,4575.0,408.0,411.0,7.0,59.0
6129.0,6141.0,300.0,303.0,7.0,60.0
720.0,723.0,3000.0,3012.0,5.0,13.0
7752.0,7755.0,3501.0,3513.0,5.0,14.0
7005.0,7017.0,348.0,351.0,7.0,61.0
4203.0,4215.0,450.0,453.0,7.0,62.0
2994.0,2997.0,2286.0,2298.0,5.0,15.0
4236.0,4248.0,507.0,510.0,7.0,63.0
2421.0,2433.0,2127.0,2130.0,7.0,64.0
6816.0,6828.0,144.0,147.0,7.0,65.0
7779.0,7785.0,3465.0,3471.0,6.0,7.0
6147.0,6150.0,282.0,294.0,5.0,16.0
6798.0,6810.0,189.0,192.0,7.0,66.0
360.0,363.0,3147.0,3159.0,5.0,17.0
2769.0,2781.0,681.0,684.0,7.0,67.0
3120.0,3132.0,642.0,645.0,7.0,68.0
258.0,270.0,3165.0,3168.0,7.0,69.0
2997.0,3003.0,1989.0,1995.0,6.0,8.0
2466.0,2478.0,2187.0,2190.0,7.0,70.0
1434.0,1446.0,2640.0,2643.0,7.0,71.0
2802.0,2814.0,690.0,693.0,7.0,72.0
4281.0,4293.0,519.0,522.0,7.0,73.0
2736.0,2748.0,624.0,627.0,7.0,74.0
702.0,714.0,2973.0,2976.0,7.0,75.0
2145.0,2157.0,2319.0,2322.0,7.0,76.0
2430.0,2442.0,741.0,744.0,7.0,77.0
720.0,723.0,2982.0,2994.0,5.0,18.0
2982.0,2985.0,2079.0,2091.0,5.0,19.0
684.0,696.0,3018.0,3021.0,7.0,78.0
5727.0,5739.0,285.0,288.0,7.0,79.0
6729.0,6741.0,171.0,174.0,7.0,80.0
5268.0,5280.0,318.0,321.0,7.0,81.0
6054.0,6066.0,285.0,288.0,7.0,82.0
5337.0,5349.0,384.0,387.0,7.0,83.0
3312.0,3315.0,660.0,672.0,5.0,20.0
4167.0,4179.0,489.0,492.0,7.0,84.0
273.0,285.0,3120.0,3123.0,7.0,85.0
2433.0,2445.0,2178.0,2181.0,7.0,86.0
297.0,309.0,3126.0,3129.0,7.0,87.0
678.0,690.0,2967.0,2970.0,7.0,88.0
1011.0,1023.0,2793.0,2796.0,7.0,89.0
819.0,822.0,2946.0,2958.0,5.0,21.0
1935.0,1941.0,2553.0,2559.0,6.0,9.0
6417.0,6429.0,237.0,240.0,7.0,90.0
2061.0,2073.0,2298.0,2301.0,7.0,91.0
357.0,360.0,3171.0,3183.0,5.0,22.0
1053.0,1065.0,2853.0,2856.0,7.0,92.0
1743.0,1755.0,2511.0,2514.0,7.0,93.0
2559.0,2562.0,2166.0,2178.0,5.0,23.0
6033.0,6045.0,231.0,234.0,7.0,94.0
3828.0,3840.0,540.0,543.0,7.0,95.0
4527.0,4539.0,447.0,450.0,7.0,96.0
4404.0,4416.0,672.0,675.0,7.0,97.0
5670.0,5676.0,3777.0,3783.0,6.0,10.0
6075.0,6087.0,291.0,294.0,7.0,98.0
3111.0,3123.0,591.0,594.0,7.0,99.0
2976.0,2979.0,2052.0,2064.0,5.0,24.0
6963.0,6966.0,3603.0,3615.0,5.0,25.0
4257.0,4269.0,513.0,516.0,7.0,100.0
3141.0,3153.0,648.0,651.0,7.0,101.0
4470.0,4473.0,513.0,525.0,5.0,26.0
2106.0,2118.0,2358.0,2361.0,7.0,102.0
5175.0,5178.0,351.0,363.0,5.0,27.0
2982.0,2988.0,2307.0,2313.0,6.0,11.0
321.0,333.0,3132.0,3135.0,7.0,103.0
3432.0,3444.0,573.0,576.0,7.0,104.0
4251.0,4263.0,462.0,465.0,7.0,105.0
4983.0,4995.0,369.0,372.0,7.0,106.0
2574.0,2580.0,882.0,888.0,6.0,12.0
963.0,975.0,2781.0,2784.0,7.0,107.0
5985.0,5997.0,267.0,270.0,7.0,108.0
7227.0,7239.0,93.0,96.0,7.0,109.0
6861.0,6867.0,192.0,198.0,6.0,13.0
7167.0,7179.0,126.0,129.0,7.0,110.0
1323.0,1335.0,2613.0,2616.0,7.0,111.0
3135.0,3147.0,597.0,600.0,7.0,112.0
1686.0,1698.0,2496.0,2499.0,7.0,113.0
5331.0,5343.0,333.0,336.0,7.0,114.0
3456.0,3468.0,531.0,534.0,7.0,115.0
6996.0,6999.0,330.0,342.0,5.0,28.0
246.0,258.0,3114.0,3117.0,7.0,116.0
6840.0,6852.0,150.0,153.0,7.0,117.0
4227.0,4239.0,456.0,459.0,7.0,118.0
3534.0,3546.0,600.0,603.0,7.0,119.0
2700.0,2712.0,615.0,618.0,7.0,120.0
2535.0,2538.0,867.0,879.0,5.0,29.0
1404.0,1416.0,2682.0,2685.0,7.0,121.0
2772.0,2784.0,633.0,636.0,7.0,122.0
5517.0,5523.0,531.0,537.0,6.0,14.0
5031.0,5043.0,381.0,384.0,7.0,123.0
2121.0,2133.0,2313.0,2316.0,7.0,124.0
4965.0,4977.0,414.0,417.0,7.0,125.0
3012.0,3015.0,2253.0,2265.0,5.0,30.0
606.0,618.0,2949.0,2952.0,7.0,126.0
4920.0,4932.0,402.0,405.0,7.0,127.0
4179.0,4191.0,444.0,447.0,7.0,128.0
279.0,291.0,3171.0,3174.0,7.0,129.0
4371.0,4374.0,654.0,666.0,5.0,31.0
6111.0,6123.0,300.0,303.0,7.0,130.0
6981.0,6987.0,3582.0,3588.0,6.0,15.0
1710.0,1722.0,2454.0,2457.0,7.0,131.0
939.0,951.0,2823.0,2826.0,7.0,132.0
3504.0,3516.0,543.0,546.0,7.0,133.0
987.0,999.0,2922.0,2925.0,7.0,134.0
234.0,246.0,3159.0,3162.0,7.0,135.0
1734.0,1746.0,2460.0,2463.0,7.0,136.0
6753.0,6765.0,177.0,180.0,7.0,137.0
1191.0,1203.0,2883.0,2886.0,7.0,138.0
2838.0,2841.0,648.0,660.0,5.0,32.0
2331.0,2334.0,2301.0,2313.0,5.0,33.0
2937.0,2940.0,759.0,771.0,5.0,34.0
6792.0,6804.0,138.0,141.0,7.0,139.0
4956.0,4968.0,363.0,366.0,7.0,140.0
6105.0,6117.0,249.0,252.0,7.0,141.0
4062.0,4065.0,696.0,708.0,5.0,35.0
3480.0,3492.0,537.0,540.0,7.0,142.0
1347.0,1359.0,2667.0,2670.0,7.0,143.0
2328.0,2340.0,714.0,717.0,7.0,144.0
5703.0,5715.0,279.0,282.0,7.0,145.0
4920.0,4932.0,354.0,357.0,7.0,146.0
3195.0,3207.0,612.0,615.0,7.0,147.0
1380.0,1392.0,2676.0,2679.0,7.0,148.0
3942.0,3948.0,552.0,558.0,6.0,16.0
660.0,672.0,3012.0,3015.0,7.0,149.0
558.0,570.0,2985.0,2988.0,7.0,150.0
7212.0,7224.0,138.0,141.0,7.0,151.0
7266.0,7278.0,102.0,105.0,7.0,152.0
3006.0,3012.0,2007.0,2013.0,6.0,17.0
3108.0,3120.0,639.0,642.0,7.0,153.0
4779.0,4791.0,621.0,624.0,7.0,154.0
2412.0,2424.0,687.0,690.0,7.0,155.0
1323.0,1335.0,2661.0,2664.0,7.0,156.0
4635.0,4647.0,426.0,429.0,7.0,157.0
2976.0,2979.0,2214.0,2226.0,5.0,36.0
1302.0,1314.0,2655.0,2658.0,7.0,158.0
6483.0,6495.0,204.0,207.0,7.0,159.0
3468.0,3480.0,669.0,672.0,7.0,160.0
2733.0,2745.0,672.0,675.0,7.0,161.0
6408.0,6420.0,186.0,189.0,7.0,162.0
909.0,912.0,2844.0,2856.0,5.0,37.0
6501.0,6504.0,213.0,225.0,5.0,38.0
5535.0,5538.0,489.0,498.0,3.0,0.0
7770.0,7776.0,3477.0,3483.0,6.0,18.0
2712.0,2724.0,666.0,669.0,7.0,163.0
1020.0,1032.0,2844.0,2847.0,7.0,164.0
5394.0,5400.0,348.0,354.0,6.0,19.0
702.0,714.0,3018.0,3021.0,7.0,165.0
2409.0,2421.0,2172.0,2175.0,7.0,166.0
2454.0,2466.0,747.0,750.0,7.0,167.0
2481.0,2493.0,2142.0,2145.0,7.0,168.0
5763.0,5775.0,339.0,342.0,7.0,169.0
4989.0,5001.0,420.0,423.0,7.0,170.0
2982.0,2985.0,2187.0,2199.0,5.0,39.0
5556.0,5559.0,429.0,438.0,3.0,1.0
1800.0,1812.0,2526.0,2529.0,7.0,171.0
513.0,516.0,3057.0,3066.0,3.0,2.0
2340.0,2343.0,2274.0,2283.0,3.0,3.0
6861.0,6867.0,156.0,162.0,6.0,20.0
795.0,798.0,3012.0,3021.0,3.0,4.0
2616.0,2619.0,639.0,648.0,3.0,5.0
3699.0,3702.0,714.0,723.0,3.0,6.0
4092.0,4095.0,612.0,621.0,3.0,7.0
5652.0,5658.0,3804.0,3810.0,6.0,21.0
6315.0,6318.0,231.0,240.0,3.0,8.0
6453.0,6462.0,246.0,249.0,4.0,0.0
2679.0,2688.0,657.0,660.0,4.0,1.0
2961.0,2964.0,699.0,708.0,3.0,9.0
3000.0,3003.0,735.0,744.0,3.0,10.0
6501.0,6504.0,234.0,243.0,3.0,11.0
1965.0,1968.0,2469.0,2478.0,3.0,12.0
3219.0,3222.0,645.0,654.0,3.0,13.0
5712.0,5721.0,330.0,333.0,4.0,2.0
3357.0,3360.0,546.0,555.0,3.0,14.0
3648.0,3657.0,756.0,759.0,4.0,3.0
5184.0,5187.0,468.0,477.0,3.0,15.0
6915.0,6918.0,3663.0,3672.0,3.0,16.0
921.0,930.0,2817.0,2820.0,4.0,4.0
5157.0,5160.0,543.0,552.0,3.0,17.0
5517.0,5520.0,393.0,402.0,3.0,18.0
1587.0,1590.0,2655.0,2664.0,3.0,19.0
6282.0,6285.0,324.0,333.0,3.0,20.0
5151.0,5154.0,417.0,426.0,3.0,21.0
459.0,462.0,3063.0,3072.0,3.0,22.0
1959.0,1962.0,2487.0,2496.0,3.0,23.0
345.0,354.0,3138.0,3141.0,4.0,5.0
4203.0,4212.0,498.0,501.0,4.0,6.0
1560.0,1563.0,2583.0,2592.0,3.0,24.0
474.0,477.0,3168.0,3177.0,3.0,25.0
3714.0,3717.0,531.0,540.0,3.0,26.0
4806.0,4809.0,426.0,435.0,3.0,27.0
1593.0,1596.0,2637.0,2646.0,3.0,28.0
7071.0,7074.0,114.0,123.0,3.0,29.0
2319.0,2322.0,2193.0,2202.0,3.0,30.0
6609.0,6612.0,381.0,390.0,3.0,31.0
4476.0,4479.0,495.0,504.0,3.0,32.0
2610.0,2613.0,795.0,804.0,3.0,33.0
6636.0,6639.0,306.0,315.0,3.0,34.0
2625.0,2628.0,615.0,624.0,3.0,35.0
6351.0,6360.0,219.0,222.0,4.0,7.0
5217.0,5220.0,375.0,384.0,3.0,36.0
417.0,420.0,3201.0,3210.0,3.0,37.0
5487.0,5490.0,471.0,480.0,3.0,38.0
4488.0,4491.0,462.0,471.0,3.0,39.0
5583.0,5586.0,354.0,363.0,3.0,40.0
114.0,117.0,3330.0,3339.0,3.0,41.0
639.0,648.0,3006.0,3009.0,4.0,8.0
4674.0,4677.0,438.0,447.0,3.0,42.0
4056.0,4059.0,567.0,576.0,3.0,43.0
4389.0,4392.0,588.0,597.0,3.0,44.0
126.0,129.0,3297.0,3306.0,3.0,45.0
5166.0,5169.0,519.0,528.0,3.0,46.0
7113.0,7116.0,135.0,144.0,3.0,47.0
2247.0,2250.0,759.0,768.0,3.0,48.0
5565.0,5568.0,267.0,276.0,3.0,49.0
4812.0,4815.0,552.0,561.0,3.0,50.0
1278.0,1281.0,2661.0,2670.0,3.0,51.0
2091.0,2094.0,2418.0,2427.0,3.0,52.0
7029.0,7032.0,225.0,234.0,3.0,53.0
6288.0,6291.0,171.0,180.0,3.0,54.0
1725.0,1728.0,2583.0,2592.0,3.0,55.0
4062.0,4065.0,552.0,561.0,3.0,56.0
7077.0,7080.0,99.0,108.0,3.0,57.0
5550.0,5553.0,447.0,456.0,3.0,58.0
4851.0,4854.0,441.0,450.0,3.0,59.0
2307.0,2310.0,2223.0,2232.0,3.0,60.0
3690.0,3693.0,741.0,750.0,3.0,61.0
315.0,324.0,3180.0,3183.0,4.0,9.0
2265.0,2268.0,2334.0,2343.0,3.0,62.0
3036.0,3039.0,633.0,642.0,3.0,63.0
6759.0,6768.0,264.0,267.0,4.0,10.0
5544.0,5547.0,465.0,474.0,3.0,64.0
4455.0,4458.0,555.0,564.0,3.0,65.0
348.0,357.0,3180.0,3183.0,4.0,11.0
2130.0,2139.0,2364.0,2367.0,4.0,12.0
1227.0,1230.0,2805.0,2814.0,3.0,66.0
1581.0,1584.0,2529.0,2538.0,3.0,67.0
2193.0,2196.0,2352.0,2361.0,3.0,68.0
987.0,996.0,2835.0,2838.0,4.0,13.0
2922.0,2925.0,801.0,810.0,3.0,69.0
2268.0,2271.0,705.0,714.0,3.0,70.0
5100.0,5103.0,573.0,582.0,3.0,71.0
618.0,621.0,3078.0,3087.0,3.0,72.0
1209.0,1212.0,2712.0,2721.0,3.0,73.0
915.0,918.0,2829.0,2838.0,3.0,74.0
7062.0,7065.0,279.0,288.0,3.0,75.0
1665.0,1674.0,2490.0,2493.0,4.0,14.0
1203.0,1206.0,2727.0,2736.0,3.0,76.0
5361.0,5370.0,390.0,393.0,4.0,15.0
6822.0,6831.0,195.0,198.0,4.0,16.0
5949.0,5952.0,315.0,324.0,3.0,77.0
3357.0,3360.0,684.0,693.0,3.0,78.0
825.0,828.0,2934.0,2943.0,3.0,79.0
3042.0,3051.0,621.0,624.0,4.0,17.0
7134.0,7143.0,117.0,120.0,4.0,18.0
3321.0,3324.0,786.0,795.0,3.0,80.0
6039.0,6048.0,366.0,369.0,4.0,19.0
252.0,261.0,3249.0,3252.0,4.0,20.0
3018.0,3021.0,2232.0,2241.0,3.0,81.0
5316.0,5325.0,378.0,381.0,4.0,21.0
2190.0,2193.0,909.0,918.0,3.0,82.0
3024.0,3027.0,666.0,675.0,3.0,83.0
6303.0,6306.0,264.0,273.0,3.0,84.0
3852.0,3861.0,546.0,549.0,4.0,22.0
6198.0,6201.0,432.0,441.0,3.0,85.0
2262.0,2265.0,720.0,729.0,3.0,86.0
7191.0,7200.0,132.0,135.0,4.0,23.0
4104.0,4107.0,441.0,450.0,3.0,87.0
2544.0,2547.0,828.0,837.0,3.0,88.0
2457.0,2460.0,2262.0,2271.0,3.0,89.0
4443.0,4446.0,588.0,597.0,3.0,90.0
1230.0,1233.0,2658.0,2667.0,3.0,91.0
1575.0,1578.0,2544.0,2553.0,3.0,92.0
4830.0,4833.0,501.0,510.0,3.0,93.0
6669.0,6672.0,213.0,222.0,3.0,94.0
855.0,858.0,2997.0,3006.0,3.0,95.0
3288.0,3291.0,726.0,735.0,3.0,96.0
4761.0,4764.0,543.0,552.0,3.0,97.0
5511.0,5514.0,408.0,417.0,3.0,98.0
6486.0,6495.0,249.0,252.0,4.0,24.0
492.0,495.0,3117.0,3126.0,3.0,99.0
5895.0,5898.0,468.0,477.0,3.0,100.0
3351.0,3354.0,702.0,711.0,3.0,101.0
2598.0,2601.0,828.0,837.0,3.0,102.0
4767.0,4770.0,528.0,537.0,3.0,103.0
4098.0,4101.0,594.0,603.0,3.0,104.0
4596.0,4605.0,465.0,468.0,4.0,25.0
3372.0,3375.0,642.0,651.0,3.0,105.0
1263.0,1266.0,2703.0,2712.0,3.0,106.0
3579.0,3582.0,567.0,576.0,3.0,107.0
2652.0,2655.0,675.0,684.0,3.0,108.0
2370.0,2373.0,2190.0,2199.0,3.0,109.0
1944.0,1947.0,2529.0,2538.0,3.0,110.0
5844.0,5847.0,456.0,465.0,3.0,111.0
5904.0,5907.0,441.0,450.0,3.0,112.0
6630.0,6633.0,321.0,330.0,3.0,113.0
5259.0,5268.0,363.0,366.0,4.0,26.0
4026.0,4029.0,645.0,654.0,3.0,114.0
2316.0,2319.0,2343.0,2352.0,3.0,115.0
3564.0,3573.0,558.0,561.0,4.0,27.0
6624.0,6627.0,339.0,348.0,3.0,116.0
5034.0,5043.0,426.0,429.0,4.0,28.0
4014.0,4017.0,678.0,687.0,3.0,117.0
6675.0,6678.0,195.0,204.0,3.0,118.0
1461.0,1464.0,2652.0,2661.0,3.0,119.0
4812.0,4815.0,411.0,420.0,3.0,120.0
5478.0,5481.0,522.0,531.0,3.0,121.0
5862.0,5865.0,408.0,417.0,3.0,122.0
6663.0,6666.0,228.0,237.0,3.0,123.0
480.0,483.0,3150.0,3159.0,3.0,124.0
1611.0,1614.0,2451.0,2460.0,3.0,125.0
141.0,144.0,3255.0,3264.0,3.0,126.0
2280.0,2283.0,2295.0,2304.0,3.0,127.0
5541.0,5544.0,330.0,339.0,3.0,128.0
5049.0,5052.0,411.0,420.0,3.0,129.0
2994.0,2997.0,750.0,759.0,3.0,130.0
6777.0,6786.0,183.0,186.0,4.0,29.0
7236.0,7245.0,144.0,147.0,4.0,30.0
2829.0,2838.0,648.0,651.0,4.0,31.0
180.0,189.0,3144.0,3147.0,4.0,32.0
7023.0,7026.0,240.0,249.0,3.0,131.0
3027.0,3030.0,2205.0,2214.0,3.0,132.0
870.0,873.0,2955.0,2964.0,3.0,133.0
2364.0,2373.0,723.0,726.0,4.0,33.0
1572.0,1575.0,2697.0,2706.0,3.0,134.0
4080.0,4083.0,645.0,654.0,3.0,135.0
4380.0,4389.0,672.0,675.0,4.0,34.0
4128.0,4131.0,510.0,519.0,3.0,136.0
2955.0,2958.0,714.0,723.0,3.0,137.0
6645.0,6648.0,279.0,288.0,3.0,138.0
594.0,603.0,2994.0,2997.0,4.0,35.0
2265.0,2268.0,852.0,861.0,3.0,139.0
1272.0,1275.0,2679.0,2688.0,3.0,140.0
2535.0,2538.0,852.0,861.0,3.0,141.0
2073.0,2082.0,2349.0,2352.0,4.0,36.0
840.0,843.0,3039.0,3048.0,3.0,142.0
3909.0,3918.0,561.0,564.0,4.0,37.0
5226.0,5235.0,354.0,357.0,4.0,38.0
810.0,813.0,2973.0,2982.0,3.0,143.0
177.0,180.0,3153.0,3162.0,3.0,144.0
2001.0,2004.0,2367.0,2376.0,3.0,145.0
4317.0,4320.0,504.0,513.0,3.0,146.0
4317.0,4320.0,483.0,492.0,3.0,147.0
528.0,531.0,3015.0,3024.0,3.0,148.0
5523.0,5526.0,378.0,387.0,3.0,149.0
3021.0,3024.0,2043.0,2052.0,3.0,150.0
7287.0,7296.0,108.0,111.0,4.0,39.0
3363.0,3366.0,531.0,540.0,3.0,151.0
4032.0,4035.0,630.0,639.0,3.0,152.0
6573.0,6576.0,330.0,339.0,3.0,153.0
4047.0,4056.0,714.0,717.0,4.0,40.0
4122.0,4125.0,528.0,537.0,3.0,154.0
3342.0,3345.0,726.0,735.0,3.0,155.0
1620.0,1623.0,2562.0,2571.0,3.0,156.0
5172.0,5175.0,501.0,510.0,3.0,157.0
2490.0,2499.0,2193.0,2196.0,4.0,41.0
2589.0,2592.0,855.0,864.0,3.0,158.0
213.0,222.0,3153.0,3156.0,4.0,42.0
1461.0,1464.0,2673.0,2682.0,3.0,159.0
3300.0,3303.0,696.0,705.0,3.0,160.0
5577.0,5580.0,3918.0,3927.0,3.0,161.0
2967.0,2970.0,2019.0,2028.0,3.0,162.0
5919.0,5922.0,261.0,270.0,3.0,163.0
1725.0,1728.0,2571.0,2580.0,3.0,164.0
6021.0,6030.0,276.0,279.0,4.0,43.0
4434.0,4437.0,615.0,624.0,3.0,165.0
2271.0,2274.0,834.0,843.0,3.0,166.0
5655.0,5664.0,315.0,318.0,4.0,44.0
6684.0,6687.0,171.0,180.0,3.0,167.0
3717.0,3720.0,663.0,672.0,3.0,168.0
5391.0,5400.0,390.0,393.0,4.0,45.0
6252.0,6255.0,408.0,417.0,3.0,169.0
5844.0,5847.0,483.0,492.0,3.0,170.0
4551.0,4560.0,453.0,456.0,4.0,46.0
2304.0,2307.0,2376.0,2385.0,3.0,171.0
1221.0,1224.0,2823.0,2832.0,3.0,172.0
5919.0,5922.0,399.0,408.0,3.0,173.0
6564.0,6567.0,381.0,390.0,3.0,174.0
4116.0,4119.0,543.0,552.0,3.0,175.0
3501.0,3510.0,591.0,594.0,4.0,47.0
3003.0,3006.0,2271.0,2280.0,3.0,176.0
3744.0,3747.0,588.0,597.0,3.0,177.0
1098.0,1101.0,2838.0,2847.0,3.0,178.0
75.0,78.0,3291.0,3300.0,3.0,179.0
6282.0,6285.0,186.0,195.0,3.0,180.0
2301.0,2304.0,750.0,759.0,3.0,181.0
1599.0,1602.0,2481.0,2490.0,3.0,182.0
1224.0,1227.0,2673.0,2682.0,3.0,183.0
4827.0,4830.0,372.0,381.0,3.0,184.0
2259.0,2262.0,2349.0,2358.0,3.0,185.0
462.0,465.0,3201.0,3210.0,3.0,186.0
3087.0,3096.0,633.0,636.0,4.0,48.0
2493.0,2496.0,735.0,744.0,3.0,187.0
2943.0,2946.0,2301.0,2310.0,3.0,188.0
3651.0,3654.0,696.0,705.0,3.0,189.0
5202.0,5205.0,417.0,426.0,3.0,190.0
4863.0,4866.0,408.0,417.0,3.0,191.0
3807.0,3816.0,534.0,537.0,4.0,49.0
4428.0,4431.0,630.0,639.0,3.0,192.0
3015.0,3018.0,2025.0,2034.0,3.0,193.0
5877.0,5886.0,495.0,498.0,4.0,50.0
2244.0,2247.0,912.0,921.0,3.0,194.0
3393.0,3396.0,582.0,591.0,3.0,195.0
2973.0,2976.0,810.0,819.0,3.0,196.0
903.0,906.0,2862.0,2871.0,3.0,197.0
3276.0,3279.0,759.0,768.0,3.0,198.0
2313.0,2316.0,2208.0,2217.0,3.0,199.0
4302.0,4311.0,474.0,477.0,4.0,51.0
1767.0,1776.0,2517.0,2520.0,4.0,52.0
4074.0,4077.0,663.0,672.0,3.0,200.0
2916.0,2919.0,840.0,849.0,3.0,201.0
57.0,60.0,3366.0,3375.0,3.0,202.0
6564.0,6567.0,354.0,363.0,3.0,203.0
3387.0,3390.0,600.0,609.0,3.0,204.0
4773.0,4776.0,513.0,522.0,3.0,205.0
7815.0,7818.0,3414.0,3423.0,3.0,206.0
5211.0,5214.0,390.0,399.0,3.0,207.0
4410.0,4413.0,534.0,543.0,3.0,208.0
1215.0,1218.0,2697.0,2706.0,3.0,209.0
5673.0,5682.0,405.0,408.0,4.0,53.0
5661.0,5664.0,3792.0,3801.0,3.0,210.0
2277.0,2280.0,819.0,828.0,3.0,211.0
1824.0,1827.0,2484.0,2493.0,3.0,212.0
5178.0,5181.0,483.0,492.0,3.0,213.0
2838.0,2841.0,678.0,687.0,3.0,214.0
7017.0,7020.0,255.0,264.0,3.0,215.0
2544.0,2553.0,2157.0,2160.0,4.0,54.0
2355.0,2358.0,2232.0,2241.0,3.0,216.0
7191.0,7200.0,198.0,201.0,4.0,55.0
1605.0,1608.0,2466.0,2475.0,3.0,217.0
1236.0,1239.0,2781.0,2790.0,3.0,218.0
3750.0,3753.0,570.0,579.0,3.0,219.0
7800.0,7803.0,3435.0,3444.0,3.0,220.0
5562.0,5565.0,414.0,423.0,3.0,221.0
2295.0,2298.0,768.0,777.0,3.0,222.0
2409.0,2418.0,735.0,738.0,4.0,56.0
4302.0,4311.0,519.0,522.0,4.0,57.0
5964.0,5967.0,273.0,282.0,3.0,223.0
7080.0,7083.0,228.0,237.0,3.0,224.0
1086.0,1095.0,2853.0,2856.0,4.0,58.0
3657.0,3660.0,681.0,690.0,3.0,225.0
7287.0,7296.0,150.0,153.0,4.0,59.0
1995.0,1998.0,2385.0,2394.0,3.0,226.0
6264.0,6267.0,375.0,384.0,3.0,227.0
108.0,111.0,3348.0,3357.0,3.0,228.0
1710.0,1719.0,2502.0,2505.0,4.0,60.0
1608.0,1611.0,2595.0,2604.0,3.0,229.0
1629.0,1632.0,2535.0,2544.0,3.0,230.0
2493.0,2496.0,711.0,720.0,3.0,231.0
120.0,123.0,3315.0,3324.0,3.0,232.0
6270.0,6273.0,357.0,366.0,3.0,233.0
1635.0,1638.0,2520.0,2529.0,3.0,234.0
6396.0,6405.0,231.0,234.0,4.0,61.0
3111.0,3120.0,705.0,708.0,4.0,62.0
891.0,894.0,2895.0,2904.0,3.0,235.0
4818.0,4821.0,534.0,543.0,3.0,236.0
1953.0,1956.0,2502.0,2511.0,3.0,237.0
5109.0,5118.0,588.0,591.0,4.0,63.0
4800.0,4803.0,441.0,450.0,3.0,238.0
2646.0,2649.0,693.0,702.0,3.0,239.0
2262.0,2271.0,2397.0,2400.0,4.0,64.0
162.0,165.0,3195.0,3204.0,3.0,240.0
2916.0,2919.0,816.0,825.0,3.0,241.0
2925.0,2934.0,855.0,858.0,4.0,65.0
4752.0,4761.0,621.0,624.0,4.0,66.0
2988.0,2991.0,768.0,777.0,3.0,242.0
5850.0,5853.0,441.0,450.0,3.0,243.0
153.0,156.0,3222.0,3231.0,3.0,244.0
4788.0,4791.0,615.0,621.0,1.0,0.0
5910.0,5913.0,426.0,435.0,3.0,245.0
3294.0,3297.0,711.0,720.0,3.0,246.0
804.0,813.0,3051.0,3054.0,4.0,67.0
1353.0,1362.0,2754.0,2757.0,4.0,68.0
2976.0,2979.0,660.0,669.0,3.0,247.0
2271.0,2274.0,2319.0,2325.0,1.0,1.0
2943.0,2946.0,747.0,753.0,1.0,2.0
477.0,480.0,3018.0,3024.0,1.0,3.0
4086.0,4089.0,630.0,639.0,3.0,248.0
4449.0,4452.0,432.0,441.0,3.0,249.0
4212.0,4218.0,567.0,570.0,2.0,0.0
7059.0,7062.0,147.0,153.0,1.0,4.0
2988.0,2991.0,630.0,636.0,1.0,5.0
4653.0,4656.0,480.0,486.0,1.0,6.0
2616.0,2619.0,777.0,786.0,3.0,250.0
3840.0,3846.0,627.0,630.0,2.0,1.0
3345.0,3348.0,579.0,585.0,1.0,7.0
90.0,93.0,3252.0,3258.0,1.0,8.0
7026.0,7032.0,348.0,351.0,2.0,2.0
2544.0,2550.0,885.0,888.0,2.0,3.0
1206.0,1209.0,2865.0,2871.0,1.0,9.0
6954.0,6957.0,3618.0,3624.0,1.0,10.0
6270.0,6273.0,219.0,225.0,1.0,11.0
3378.0,3381.0,627.0,633.0,1.0,12.0
6045.0,6048.0,348.0,354.0,1.0,13.0
4083.0,4086.0,498.0,504.0,1.0,14.0
5526.0,5529.0,516.0,522.0,1.0,15.0
4944.0,4950.0,492.0,495.0,2.0,4.0
4020.0,4023.0,663.0,669.0,1.0,16.0
7053.0,7056.0,306.0,312.0,1.0,17.0
7065.0,7068.0,132.0,138.0,1.0,18.0
5871.0,5874.0,387.0,393.0,1.0,19.0
7044.0,7047.0,186.0,192.0,1.0,20.0
93.0,99.0,3375.0,3378.0,2.0,5.0
2211.0,2214.0,855.0,861.0,1.0,21.0
3282.0,3285.0,744.0,750.0,1.0,22.0
831.0,834.0,2919.0,2925.0,1.0,23.0
2943.0,2946.0,1968.0,1974.0,1.0,24.0
4746.0,4749.0,609.0,615.0,1.0,25.0
4041.0,4044.0,609.0,615.0,1.0,26.0
2088.0,2094.0,2436.0,2439.0,2.0,6.0
4668.0,4671.0,471.0,477.0,1.0,27.0
2967.0,2970.0,684.0,690.0,1.0,28.0
861.0,864.0,2841.0,2847.0,1.0,29.0
3306.0,3309.0,681.0,687.0,1.0,30.0
4824.0,4827.0,519.0,525.0,1.0,31.0
6633.0,6636.0,174.0,180.0,1.0,32.0
1359.0,1362.0,2736.0,2742.0,1.0,33.0
6399.0,6402.0,297.0,303.0,1.0,34.0
2346.0,2349.0,2124.0,2130.0,1.0,35.0
1254.0,1257.0,2730.0,2736.0,1.0,36.0
132.0,135.0,3282.0,3288.0,1.0,37.0
6399.0,6402.0,312.0,318.0,1.0,38.0
2949.0,2952.0,2289.0,2295.0,1.0,39.0
4089.0,4092.0,483.0,489.0,1.0,40.0
846.0,849.0,2880.0,2886.0,1.0,41.0
837.0,840.0,2904.0,2910.0,1.0,42.0
6600.0,6603.0,261.0,267.0,1.0,43.0
429.0,432.0,3144.0,3150.0,1.0,44.0
3327.0,3330.0,627.0,633.0,1.0,45.0
1947.0,1950.0,2379.0,2385.0,1.0,46.0
2238.0,2241.0,930.0,936.0,1.0,47.0
6918.0,6921.0,3663.0,3669.0,1.0,48.0
2190.0,2193.0,927.0,933.0,1.0,49.0
120.0,123.0,3174.0,3180.0,1.0,50.0
4857.0,4860.0,426.0,432.0,1.0,51.0
6216.0,6219.0,360.0,366.0,1.0,52.0
2220.0,2223.0,831.0,837.0,1.0,53.0
1158.0,1161.0,2847.0,2853.0,1.0,54.0
2007.0,2010.0,2352.0,2358.0,1.0,55.0
5166.0,5169.0,378.0,384.0,1.0,56.0
6900.0,6903.0,3687.0,3693.0,1.0,57.0
3939.0,3942.0,519.0,525.0,1.0,58.0
5889.0,5892.0,483.0,489.0,1.0,59.0
3213.0,3219.0,618.0,621.0,2.0,7.0
4842.0,4845.0,468.0,474.0,1.0,60.0
855.0,858.0,2856.0,2862.0,1.0,61.0
4779.0,4782.0,498.0,504.0,1.0,62.0
1083.0,1089.0,2811.0,2814.0,2.0,8.0
5103.0,5106.0,543.0,549.0,1.0,63.0
6654.0,6657.0,120.0,126.0,1.0,64.0
1173.0,1176.0,2808.0,2814.0,1.0,65.0
492.0,495.0,2979.0,2985.0,1.0,66.0
5130.0,5136.0,588.0,591.0,2.0,9.0
1719.0,1725.0,2589.0,2592.0,2.0,10.0
897.0,900.0,2880.0,2886.0,1.0,67.0
3342.0,3345.0,588.0,594.0,1.0,68.0
3306.0,3312.0,798.0,801.0,2.0,11.0
423.0,426.0,3159.0,3165.0,1.0,69.0
2979.0,2982.0,795.0,801.0,1.0,70.0
5148.0,5151.0,570.0,576.0,1.0,71.0
4017.0,4020.0,705.0,711.0,1.0,72.0
7035.0,7038.0,210.0,216.0,1.0,73.0
3315.0,3318.0,660.0,666.0,1.0,74.0
6762.0,6768.0,246.0,249.0,2.0,12.0
1215.0,1218.0,2841.0,2847.0,1.0,75.0
1197.0,1203.0,2880.0,2883.0,2.0,13.0
1569.0,1572.0,2562.0,2568.0,1.0,76.0
1236.0,1239.0,2643.0,2649.0,1.0,77.0
1962.0,1965.0,2340.0,2346.0,1.0,78.0
5901.0,5904.0,309.0,315.0,1.0,79.0
3015.0,3018.0,693.0,699.0,1.0,80.0
1557.0,1563.0,2718.0,2721.0,2.0,14.0
2991.0,2994.0,2292.0,2298.0,1.0,81.0
1530.0,1533.0,2715.0,2721.0,1.0,82.0
6231.0,6234.0,321.0,327.0,1.0,83.0
2220.0,2226.0,945.0,948.0,2.0,15.0
2325.0,2328.0,2319.0,2325.0,1.0,84.0
5550.0,5553.0,309.0,315.0,1.0,85.0
2580.0,2583.0,735.0,741.0,1.0,86.0
2289.0,2295.0,2397.0,2400.0,2.0,16.0
4569.0,4575.0,543.0,546.0,2.0,17.0
3333.0,3336.0,753.0,759.0,1.0,87.0
438.0,441.0,3120.0,3126.0,1.0,88.0
3678.0,3681.0,627.0,633.0,1.0,89.0
7068.0,7071.0,264.0,270.0,1.0,90.0
2985.0,2988.0,1968.0,1974.0,1.0,91.0
4098.0,4101.0,459.0,465.0,1.0,92.0
4419.0,4422.0,513.0,519.0,1.0,93.0
3000.0,3003.0,1995.0,2001.0,1.0,94.0
6765.0,6768.0,258.0,264.0,1.0,95.0
4785.0,4788.0,483.0,489.0,1.0,96.0
3351.0,3354.0,564.0,570.0,1.0,97.0
7809.0,7812.0,3426.0,3432.0,1.0,98.0
4833.0,4836.0,357.0,363.0,1.0,99.0
1818.0,1824.0,2520.0,2523.0,2.0,18.0
1908.0,1911.0,2481.0,2487.0,1.0,100.0
2595.0,2598.0,696.0,702.0,1.0,101.0
4749.0,4752.0,576.0,582.0,1.0,102.0
3693.0,3696.0,588.0,594.0,1.0,103.0
4398.0,4401.0,567.0,573.0,1.0,104.0
2085.0,2091.0,2418.0,2421.0,2.0,19.0
825.0,831.0,3051.0,3054.0,2.0,20.0
1098.0,1101.0,2823.0,2829.0,1.0,105.0
2286.0,2289.0,2280.0,2286.0,1.0,106.0
3663.0,3666.0,666.0,672.0,1.0,107.0
1932.0,1935.0,2418.0,2424.0,1.0,108.0
2376.0,2379.0,2175.0,2181.0,1.0,109.0
468.0,471.0,3186.0,3192.0,1.0,110.0
1989.0,1992.0,2403.0,2409.0,1.0,111.0
468.0,471.0,3042.0,3048.0,1.0,112.0
6933.0,6936.0,3645.0,3651.0,1.0,113.0
5934.0,5937.0,222.0,228.0,1.0,114.0
4404.0,4407.0,552.0,558.0,1.0,115.0
2292.0,2295.0,2265.0,2271.0,1.0,116.0
2256.0,2259.0,738.0,744.0,1.0,117.0
1245.0,1248.0,2619.0,2625.0,1.0,118.0
1197.0,1200.0,2745.0,2751.0,1.0,119.0
2301.0,2304.0,2241.0,2247.0,1.0,120.0
4212.0,4218.0,585.0,588.0,2.0,21.0
5886.0,5889.0,348.0,354.0,1.0,121.0
5187.0,5190.0,324.0,330.0,1.0,122.0
2961.0,2964.0,2007.0,2013.0,1.0,123.0
1926.0,1929.0,2433.0,2439.0,1.0,124.0
5853.0,5859.0,495.0,498.0,2.0,22.0
7824.0,7830.0,3402.0,3405.0,2.0,23.0
57.0,60.0,3339.0,3345.0,1.0,125.0
2340.0,2343.0,2139.0,2145.0,1.0,126.0
5880.0,5883.0,363.0,369.0,1.0,127.0
4419.0,4422.0,657.0,663.0,1.0,128.0
996.0,999.0,2916.0,2922.0,1.0,129.0
2637.0,2640.0,720.0,726.0,1.0,130.0
4380.0,4383.0,615.0,621.0,1.0,131.0
1188.0,1191.0,2769.0,2775.0,1.0,132.0
2604.0,2607.0,672.0,678.0,1.0,133.0
3945.0,3948.0,528.0,534.0,1.0,134.0
3645.0,3648.0,714.0,720.0,1.0,135.0
2274.0,2277.0,690.0,696.0,1.0,136.0
2391.0,2394.0,795.0,801.0,1.0,137.0
3723.0,3726.0,648.0,654.0,1.0,138.0
6639.0,6642.0,159.0,165.0,1.0,139.0
6906.0,6909.0,3678.0,3684.0,1.0,140.0
3327.0,3330.0,771.0,777.0,1.0,141.0
3009.0,3012.0,2259.0,2265.0,1.0,142.0
2187.0,2190.0,2364.0,2370.0,1.0,143.0
6207.0,6210.0,384.0,390.0,1.0,144.0
2325.0,2328.0,2178.0,2184.0,1.0,145.0
126.0,129.0,3159.0,3165.0,1.0,146.0
1524.0,1527.0,2679.0,2685.0,1.0,147.0
7788.0,7791.0,3456.0,3462.0,1.0,148.0
6258.0,6261.0,393.0,399.0,1.0,149.0
2226.0,2229.0,816.0,822.0,1.0,150.0
6648.0,6651.0,135.0,141.0,1.0,151.0
2331.0,2334.0,2163.0,2169.0,1.0,152.0
111.0,114.0,3198.0,3204.0,1.0,153.0
5856.0,5859.0,426.0,432.0,1.0,154.0
3402.0,3408.0,564.0,567.0,2.0,24.0
5535.0,5538.0,348.0,354.0,1.0,155.0
507.0,510.0,2940.0,2946.0,1.0,156.0
2574.0,2577.0,750.0,756.0,1.0,157.0
3642.0,3645.0,741.0,747.0,1.0,158.0
4449.0,4452.0,573.0,579.0,1.0,159.0
2184.0,2187.0,2328.0,2334.0,1.0,160.0
861.0,864.0,2982.0,2988.0,1.0,161.0
1533.0,1536.0,2655.0,2661.0,1.0,162.0
2310.0,2313.0,2361.0,2367.0,1.0,163.0
4794.0,4797.0,459.0,465.0,1.0,164.0
5577.0,5580.0,372.0,378.0,1.0,165.0
5925.0,5928.0,384.0,390.0,1.0,166.0
1539.0,1542.0,2640.0,2646.0,1.0,167.0
846.0,849.0,3024.0,3030.0,1.0,168.0
2997.0,3000.0,606.0,612.0,1.0,169.0
105.0,108.0,3213.0,3219.0,1.0,170.0
3030.0,3033.0,651.0,657.0,1.0,171.0
486.0,489.0,3135.0,3141.0,1.0,172.0
2589.0,2592.0,711.0,717.0,1.0,173.0
4140.0,4146.0,480.0,483.0,2.0,25.0
7299.0,7302.0,117.0,123.0,1.0,174.0
5910.0,5913.0,285.0,291.0,1.0,175.0
1917.0,1920.0,2457.0,2463.0,1.0,176.0
6222.0,6225.0,345.0,351.0,1.0,177.0
6879.0,6882.0,3711.0,3717.0,1.0,178.0
5496.0,5499.0,450.0,456.0,1.0,179.0
501.0,504.0,3093.0,3099.0,1.0,180.0
3336.0,3339.0,603.0,609.0,1.0,181.0
7881.0,7884.0,3321.0,3327.0,1.0,182.0
7014.0,7017.0,267.0,273.0,1.0,183.0
6855.0,6861.0,195.0,198.0,2.0,26.0
1902.0,1905.0,2496.0,2502.0,1.0,184.0
2382.0,2388.0,2163.0,2166.0,2.0,27.0
6261.0,6264.0,243.0,249.0,1.0,185.0
2361.0,2364.0,2217.0,2223.0,1.0,186.0
444.0,447.0,3105.0,3111.0,1.0,187.0
7050.0,7053.0,171.0,177.0,1.0,188.0
66.0,72.0,3378.0,3381.0,2.0,28.0
3576.0,3579.0,594.0,600.0,1.0,189.0
885.0,888.0,2778.0,2784.0,1.0,190.0
2205.0,2211.0,945.0,948.0,2.0,29.0
4806.0,4809.0,570.0,576.0,1.0,191.0
5142.0,5145.0,441.0,447.0,1.0,192.0
4794.0,4797.0,603.0,609.0,1.0,193.0
5403.0,5406.0,378.0,384.0,1.0,194.0
4437.0,4440.0,465.0,471.0,1.0,195.0
5766.0,5772.0,294.0,297.0,2.0,30.0
2556.0,2559.0,798.0,804.0,1.0,196.0
4458.0,4461.0,411.0,417.0,1.0,197.0
96.0,99.0,3237.0,3243.0,1.0,198.0
1971.0,1974.0,2454.0,2460.0,1.0,199.0
3678.0,3684.0,756.0,759.0,2.0,31.0
6231.0,6237.0,444.0,447.0,2.0,32.0
2235.0,2238.0,792.0,798.0,1.0,200.0
4497.0,4503.0,438.0,441.0,2.0,33.0
4413.0,4416.0,666.0,672.0,1.0,201.0
5592.0,5595.0,330.0,336.0,1.0,202.0
6615.0,6618.0,222.0,228.0,1.0,203.0
4068.0,4071.0,681.0,687.0,1.0,204.0
7104.0,7107.0,162.0,168.0,1.0,205.0
6966.0,6972.0,3603.0,3606.0,2.0,34.0
5943.0,5946.0,333.0,339.0,1.0,206.0
5133.0,5136.0,465.0,471.0,1.0,207.0
6579.0,6582.0,318.0,324.0,1.0,208.0
4482.0,4485.0,480.0,486.0,1.0,209.0
6213.0,6216.0,369.0,375.0,1.0,210.0
2565.0,2568.0,774.0,780.0,1.0,211.0
1941.0,1944.0,2394.0,2400.0,1.0,212.0
3708.0,3711.0,549.0,555.0,1.0,213.0
3930.0,3936.0,561.0,564.0,2.0,35.0
2583.0,2586.0,870.0,876.0,1.0,214.0
4074.0,4077.0,522.0,528.0,1.0,215.0
7794.0,7797.0,3447.0,3453.0,1.0,216.0
4050.0,4053.0,585.0,591.0,1.0,217.0
6207.0,6213.0,444.0,447.0,2.0,36.0
996.0,999.0,2904.0,2910.0,1.0,218.0
2964.0,2967.0,837.0,843.0,1.0,219.0
483.0,486.0,3003.0,3009.0,1.0,220.0
2949.0,2952.0,1983.0,1989.0,1.0,221.0
2982.0,2985.0,645.0,651.0,1.0,222.0
2451.0,2457.0,2268.0,2271.0,2.0,37.0
1971.0,1974.0,2316.0,2322.0,1.0,223.0
2823.0,2829.0,690.0,693.0,2.0,38.0
4818.0,4821.0,396.0,402.0,1.0,224.0
3669.0,3672.0,651.0,657.0,1.0,225.0
6615.0,6618.0,366.0,372.0,1.0,226.0
6690.0,6696.0,159.0,162.0,2.0,39.0
3321.0,3324.0,642.0,648.0,1.0,227.0
3732.0,3735.0,486.0,492.0,1.0,228.0
1647.0,1653.0,2484.0,2487.0,2.0,40.0
5493.0,5496.0,459.0,465.0,1.0,229.0
879.0,882.0,2931.0,2937.0,1.0,230.0
1929.0,1932.0,2562.0,2568.0,1.0,231.0
6246.0,6249.0,282.0,288.0,1.0,232.0
6240.0,6243.0,297.0,303.0,1.0,233.0
2964.0,2967.0,2259.0,2265.0,1.0,234.0
6585.0,6588.0,300.0,306.0,1.0,235.0
2280.0,2283.0,675.0,681.0,1.0,236.0
876.0,879.0,2802.0,2808.0,1.0,237.0
5127.0,5130.0,480.0,486.0,1.0,238.0
2955.0,2958.0,1995.0,2001.0,1.0,239.0
5529.0,5532.0,363.0,369.0,1.0,240.0
2196.0,2199.0,894.0,900.0,1.0,241.0
2256.0,2259.0,2385.0,2391.0,1.0,242.0
5118.0,5121.0,504.0,510.0,1.0,243.0
1938.0,1941.0,2547.0,2553.0,1.0,244.0
1956.0,1959.0,2355.0,2361.0,1.0,245.0
168.0,171.0,3180.0,3186.0,1.0,246.0
3288.0,3294.0,798.0,801.0,2.0,41.0
3738.0,3741.0,603.0,609.0,1.0,247.0
1167.0,1170.0,2823.0,2829.0,1.0,248.0
1581.0,1584.0,2673.0,2679.0,1.0,249.0
501.0,504.0,2955.0,2961.0,1.0,250.0
5679.0,5682.0,387.0,393.0,1.0,251.0
6276.0,6279.0,342.0,348.0,1.0,252.0
3684.0,3687.0,612.0,618.0,1.0,253.0
5181.0,5184.0,339.0,345.0,1.0,254.0
10665.0,10671.0,3024.0,3027.0,2.0,42.0
5112.0,5115.0,519.0,525.0,1.0,255.0
6609.0,6612.0,237.0,243.0,1.0,256.0
7872.0,7875.0,3333.0,3339.0,1.0,257.0
2622.0,2625.0,762.0,768.0,1.0,258.0
1809.0,1815.0,2478.0,2481.0,2.0,43.0
519.0,522.0,3042.0,3048.0,1.0,259.0
3477.0,3480.0,663.0,669.0,1.0,260.0
5403.0,5406.0,360.0,366.0,1.0,261.0
795.0,798.0,3039.0,3045.0,1.0,262.0
2601.0,2604.0,681.0,687.0,1.0,263.0
7851.0,7854.0,3363.0,3369.0,1.0,264.0
2202.0,2205.0,879.0,885.0,1.0,265.0
6246.0,6249.0,426.0,432.0,1.0,266.0
7083.0,7086.0,84.0,90.0,1.0,267.0
1599.0,1602.0,2622.0,2628.0,1.0,268.0
4443.0,4446.0,450.0,456.0,1.0,269.0
4866.0,4869.0,399.0,405.0,1.0,270.0
5925.0,5928.0,246.0,252.0,1.0,271.0
4416.0,4419.0,522.0,528.0,1.0,272.0
1554.0,1557.0,2601.0,2607.0,1.0,273.0
3759.0,3762.0,546.0,552.0,1.0,274.0
801.0,804.0,2997.0,3003.0,1.0,275.0
7299.0,7302.0,138.0,144.0,1.0,276.0
7005.0,7008.0,288.0,294.0,1.0,277.0
4068.0,4071.0,537.0,543.0,1.0,278.0
1896.0,1899.0,2562.0,2568.0,1.0,279.0
2481.0,2487.0,747.0,750.0,2.0,44.0
3207.0,3213.0,657.0,660.0,2.0,45.0
870.0,873.0,2817.0,2823.0,1.0,280.0
5157.0,5160.0,402.0,408.0,1.0,281.0
2307.0,2310.0,735.0,741.0,1.0,282.0
2733.0,2739.0,756.0,759.0,2.0,46.0
5778.0,5781.0,300.0,306.0,1.0,283.0
4428.0,4431.0,489.0,495.0,1.0,284.0
3723.0,3726.0,510.0,516.0,1.0,285.0
6624.0,6627.0,198.0,204.0,1.0,286.0
66.0,69.0,3315.0,3321.0,1.0,287.0
1548.0,1551.0,2616.0,2622.0,1.0,288.0
6294.0,6297.0,291.0,297.0,1.0,289.0
135.0,138.0,3135.0,3141.0,1.0,290.0
1161.0,1164.0,2874.0,2880.0,1.0,291.0
6594.0,6597.0,276.0,282.0,1.0,292.0
7044.0,7047.0,330.0,336.0,1.0,293.0
5604.0,5610.0,300.0,303.0,2.0,47.0
5511.0,5517.0,534.0,537.0,2.0,48.0
6201.0,6204.0,399.0,405.0,1.0,294.0
3006.0,3009.0,582.0,588.0,1.0,295.0
7755.0,7758.0,3501.0,3507.0,1.0,296.0
4110.0,4113.0,561.0,567.0,1.0,297.0
4218.0,4224.0,501.0,504.0,2.0,49.0
612.0,618.0,3084.0,3087.0,2.0,50.0
3843.0,3846.0,609.0,615.0,1.0,298.0
4659.0,4665.0,432.0,435.0,2.0,51.0
1284.0,1290.0,2649.0,2652.0,2.0,52.0
450.0,456.0,3213.0,3216.0,2.0,53.0
2661.0,2667.0,651.0,654.0,2.0,54.0
5559.0,5562.0,285.0,291.0,1.0,299.0
5487.0,5493.0,534.0,537.0,2.0,55.0
5505.0,5508.0,426.0,432.0,1.0,300.0
426.0,432.0,3213.0,3216.0,2.0,56.0
5895.0,5898.0,324.0,330.0,1.0,301.0
537.0,540.0,2991.0,2997.0,1.0,302.0
3708.0,3711.0,690.0,696.0,1.0,303.0
5481.0,5484.0,489.0,495.0,1.0,304.0
81.0,84.0,3276.0,3282.0,1.0,305.0
144.0,147.0,3111.0,3117.0,1.0,306.0
1587.0,1590.0,2514.0,2520.0,1.0,307.0
6996.0,6999.0,312.0,318.0,1.0,308.0
4374.0,4377.0,630.0,636.0,1.0,309.0
3699.0,3702.0,573.0,579.0,1.0,310.0
4755.0,4758.0,561.0,567.0,1.0,311.0
2958.0,2961.0,2271.0,2277.0,1.0,312.0
5958.0,5961.0,291.0,297.0,1.0,313.0
6318.0,6321.0,222.0,228.0,1.0,314.0
453.0,456.0,3081.0,3087.0,1.0,315.0
6255.0,6258.0,258.0,264.0,1.0,316.0
2241.0,2244.0,777.0,783.0,1.0,317.0
5682.0,5688.0,321.0,324.0,2.0,57.0
1980.0,1983.0,2292.0,2298.0,1.0,318.0
2928.0,2931.0,786.0,792.0,1.0,319.0
1893.0,1896.0,2520.0,2526.0,1.0,320.0
4134.0,4137.0,495.0,501.0,1.0,321.0
2256.0,2259.0,879.0,885.0,1.0,322.0
2946.0,2952.0,855.0,858.0,2.0,58.0
258.0,261.0,3243.0,3249.0,1.0,323.0
5520.0,5523.0,528.0,531.0,0.0,0.0
7860.0,7863.0,3354.0,3357.0,0.0,1.0
6492.0,6495.0,207.0,210.0,0.0,2.0
7197.0,7200.0,201.0,204.0,0.0,3.0
4308.0,4311.0,477.0,480.0,0.0,4.0
5397.0,5400.0,387.0,390.0,0.0,5.0
6894.0,6897.0,3696.0,3699.0,0.0,6.0
2550.0,2553.0,2199.0,2202.0,0.0,7.0
4314.0,4317.0,483.0,486.0,0.0,8.0
6201.0,6204.0,438.0,441.0,0.0,9.0
255.0,258.0,3231.0,3234.0,0.0,10.0
5301.0,5304.0,456.0,459.0,0.0,11.0
6396.0,6399.0,297.0,300.0,0.0,12.0
1092.0,1095.0,2850.0,2853.0,0.0,13.0
1356.0,1359.0,2736.0,2739.0,0.0,14.0
2571.0,2574.0,885.0,888.0,0.0,15.0
4314.0,4317.0,510.0,513.0,0.0,16.0
4308.0,4311.0,516.0,519.0,0.0,17.0
6921.0,6924.0,3663.0,3666.0,0.0,18.0
1092.0,1095.0,2817.0,2820.0,0.0,19.0
4053.0,4056.0,711.0,714.0,0.0,20.0
4059.0,4062.0,705.0,708.0,0.0,21.0
5178.0,5181.0,351.0,354.0,0.0,22.0
2484.0,2487.0,705.0,708.0,0.0,23.0
3000.0,3003.0,2277.0,2280.0,0.0,24.0
2388.0,2391.0,795.0,798.0,0.0,25.0
2919.0,2922.0,846.0,849.0,0.0,26.0
7005.0,7008.0,345.0,348.0,0.0,27.0
5580.0,5583.0,3918.0,3921.0,0.0,28.0
5622.0,5625.0,3855.0,3858.0,0.0,29.0
2550.0,2553.0,2160.0,2163.0,0.0,30.0
3576.0,3579.0,567.0,570.0,0.0,31.0
7764.0,7767.0,3492.0,3495.0,0.0,32.0
2925.0,2928.0,852.0,855.0,0.0,33.0
1821.0,1824.0,2517.0,2520.0,0.0,34.0
5586.0,5589.0,3909.0,3912.0,0.0,35.0
5046.0,5049.0,390.0,393.0,0.0,36.0
357.0,360.0,3147.0,3150.0,0.0,37.0
420.0,423.0,3207.0,3210.0,0.0,38.0
4491.0,4494.0,453.0,456.0,0.0,39.0
6144.0,6147.0,264.0,267.0,0.0,40.0
6498.0,6501.0,213.0,216.0,0.0,41.0
7833.0,7836.0,3393.0,3396.0,0.0,42.0
4410.0,4413.0,669.0,672.0,0.0,43.0
5664.0,5667.0,3792.0,3795.0,0.0,44.0
7845.0,7848.0,3375.0,3378.0,0.0,45.0
2190.0,2193.0,2337.0,2340.0,0.0,46.0
4374.0,4377.0,663.0,666.0,0.0,47.0
6138.0,6141.0,258.0,261.0,0.0,48.0
6888.0,6891.0,3702.0,3705.0,0.0,49.0
2457.0,2460.0,2253.0,2256.0,0.0,50.0
4671.0,4674.0,438.0,441.0,0.0,51.0
6597.0,6600.0,393.0,396.0,0.0,52.0
6882.0,6885.0,3711.0,3714.0,0.0,53.0
5391.0,5394.0,348.0,351.0,0.0,54.0
5634.0,5637.0,3837.0,3840.0,0.0,55.0
7854.0,7857.0,3363.0,3366.0,0.0,56.0
1533.0,1536.0,2718.0,2721.0,0.0,57.0
5604.0,5607.0,3882.0,3885.0,0.0,58.0
2985.0,2988.0,2304.0,2307.0,0.0,59.0
6492.0,6495.0,246.0,249.0,0.0,60.0
717.0,720.0,3009.0,3012.0,0.0,61.0
717.0,720.0,2982.0,2985.0,0.0,62.0
5040.0,5043.0,384.0,387.0,0.0,63.0
1722.0,1725.0,2571.0,2574.0,0.0,64.0
2328.0,2331.0,2310.0,2313.0,0.0,65.0
7758.0,7761.0,3501.0,3504.0,0.0,66.0
2091.0,2094.0,2433.0,2436.0,0.0,67.0
5046.0,5049.0,417.0,420.0,0.0,68.0
5148.0,5151.0,429.0,432.0,0.0,69.0
1170.0,1173.0,2883.0,2886.0,0.0,70.0
4392.0,4395.0,588.0,591.0,0.0,71.0
4380.0,4383.0,669.0,672.0,0.0,72.0
6975.0,6978.0,3597.0,3600.0,0.0,73.0
7119.0,7122.0,117.0,120.0,0.0,74.0
351.0,354.0,3141.0,3144.0,0.0,75.0
5865.0,5868.0,408.0,411.0,0.0,76.0
1452.0,1455.0,2646.0,2649.0,0.0,77.0
6138.0,6141.0,297.0,300.0,0.0,78.0
1182.0,1185.0,2787.0,2790.0,0.0,79.0
3474.0,3477.0,651.0,654.0,0.0,80.0
7875.0,7878.0,3333.0,3336.0,0.0,81.0
3216.0,3219.0,651.0,654.0,0.0,82.0
4665.0,4668.0,474.0,477.0,0.0,83.0
6864.0,6867.0,162.0,165.0,0.0,84.0
1890.0,1893.0,2556.0,2559.0,0.0,85.0
6681.0,6684.0,177.0,180.0,0.0,86.0
6987.0,6990.0,3582.0,3585.0,0.0,87.0
1200.0,1203.0,2877.0,2880.0,0.0,88.0
2544.0,2547.0,882.0,885.0,0.0,89.0
5640.0,5643.0,3828.0,3831.0,0.0,90.0
2181.0,2184.0,2328.0,2331.0,0.0,91.0
2835.0,2838.0,651.0,654.0,0.0,92.0
5103.0,5106.0,579.0,582.0,0.0,93.0
5109.0,5112.0,585.0,588.0,0.0,94.0
354.0,357.0,3177.0,3180.0,0.0,95.0
1221.0,1224.0,2685.0,2688.0,0.0,96.0
5616.0,5619.0,3864.0,3867.0,0.0,97.0
5883.0,5886.0,492.0,495.0,0.0,98.0
4947.0,4950.0,489.0,492.0,0.0,99.0
2538.0,2541.0,876.0,879.0,0.0,100.0
6858.0,6861.0,156.0,159.0,0.0,101.0
5772.0,5775.0,336.0,339.0,0.0,102.0
4572.0,4575.0,525.0,528.0,0.0,103.0
7818.0,7821.0,3414.0,3417.0,0.0,104.0
2556.0,2559.0,2166.0,2169.0,0.0,105.0
5598.0,5601.0,3891.0,3894.0,0.0,106.0
822.0,825.0,2946.0,2949.0,0.0,107.0
7770.0,7773.0,3483.0,3486.0,0.0,108.0
5610.0,5613.0,3873.0,3876.0,0.0,109.0
7293.0,7296.0,111.0,114.0,0.0,110.0
6240.0,6243.0,438.0,441.0,0.0,111.0
2232.0,2235.0,939.0,942.0,0.0,112.0
5040.0,5043.0,423.0,426.0,0.0,113.0
2394.0,2397.0,729.0,732.0,0.0,114.0
3216.0,3219.0,621.0,624.0,0.0,115.0
906.0,909.0,2853.0,2856.0,0.0,116.0
6144.0,6147.0,291.0,294.0,0.0,117.0
2490.0,2493.0,741.0,744.0,0.0,118.0
1821.0,1824.0,2484.0,2487.0,0.0,119.0
7866.0,7869.0,3345.0,3348.0,0.0,120.0
4026.0,4029.0,714.0,717.0,0.0,121.0
1458.0,1461.0,2679.0,2682.0,0.0,122.0
3843.0,3846.0,624.0,627.0,0.0,123.0
6396.0,6399.0,315.0,318.0,0.0,124.0
7824.0,7827.0,3405.0,3408.0,0.0,125.0
6957.0,6960.0,3618.0,3621.0,0.0,126.0
4752.0,4755.0,618.0,621.0,0.0,127.0
3840.0,3843.0,609.0,612.0,0.0,128.0
6942.0,6945.0,3636.0,3639.0,0.0,129.0
6864.0,6867.0,189.0,192.0,0.0,130.0
1452.0,1455.0,2685.0,2688.0,0.0,131.0
5301.0,5304.0,441.0,444.0,0.0,132.0
3117.0,3120.0,708.0,711.0,0.0,133.0
2490.0,2493.0,711.0,714.0,0.0,134.0
4947.0,4950.0,477.0,480.0,0.0,135.0
6045.0,6048.0,363.0,366.0,0.0,136.0
7038.0,7041.0,342.0,345.0,0.0,137.0
2958.0,2961.0,849.0,852.0,0.0,138.0
3396.0,3399.0,576.0,579.0,0.0,139.0
4572.0,4575.0,540.0,543.0,0.0,140.0
3117.0,3120.0,723.0,726.0,0.0,141.0
5679.0,5682.0,402.0,405.0,0.0,142.0
6966.0,6969.0,3606.0,3609.0,0.0,143.0
2556.0,2559.0,2193.0,2196.0,0.0,144.0
2298.0,2301.0,2391.0,2394.0,0.0,145.0
102.0,105.0,3366.0,3369.0,0.0,146.0
5481.0,5484.0,528.0,531.0,0.0,147.0
5142.0,5145.0,582.0,585.0,0.0,148.0
7839.0,7842.0,3384.0,3387.0,0.0,149.0
4785.0,4788.0,618.0,621.0,0.0,150.0
711.0,714.0,2976.0,2979.0,0.0,151.0
7116.0,7119.0,126.0,129.0,0.0,152.0
5778.0,5781.0,330.0,333.0,0.0,153.0
2991.0,2994.0,1980.0,1983.0,0.0,154.0
804.0,807.0,3048.0,3051.0,0.0,155.0
6936.0,6939.0,3645.0,3648.0,0.0,156.0
3687.0,3690.0,747.0,750.0,0.0,157.0
60.0,63.0,3372.0,3375.0,0.0,158.0
2391.0,2394.0,813.0,816.0,0.0,159.0
5676.0,5679.0,387.0,390.0,0.0,160.0
7803.0,7806.0,3435.0,3438.0,0.0,161.0
6948.0,6951.0,3630.0,3633.0,0.0,162.0
6042.0,6045.0,348.0,351.0,0.0,163.0
3573.0,3576.0,597.0,600.0,0.0,164.0
3681.0,3684.0,753.0,756.0,0.0,165.0
3318.0,3321.0,792.0,795.0,0.0,166.0
6567.0,6570.0,387.0,390.0,0.0,167.0
5646.0,5649.0,3819.0,3822.0,0.0,168.0
6630.0,6633.0,186.0,189.0,0.0,169.0
5652.0,5655.0,3810.0,3813.0,0.0,170.0
6999.0,7002.0,339.0,342.0,0.0,171.0
5628.0,5631.0,3846.0,3849.0,0.0,172.0
2010.0,2013.0,2343.0,2346.0,0.0,173.0
6498.0,6501.0,240.0,243.0,0.0,174.0
7884.0,7887.0,3321.0,3324.0,0.0,175.0
7779.0,7782.0,3471.0,3474.0,0.0,176.0
6927.0,6930.0,3654.0,3657.0,0.0,177.0
2196.0,2199.0,939.0,942.0,0.0,178.0
6765.0,6768.0,249.0,252.0,0.0,179.0
3945.0,3948.0,549.0,552.0,0.0,180.0
4215.0,4218.0,582.0,585.0,0.0,181.0
3276.0,3279.0,786.0,789.0,0.0,182.0
3570.0,3573.0,561.0,564.0,0.0,183.0
5592.0,5595.0,3900.0,3903.0,0.0,184.0
1641.0,1644.0,2502.0,2505.0,0.0,185.0
2736.0,2739.0,738.0,741.0,0.0,186.0
837.0,840.0,3045.0,3048.0,0.0,187.0
618.0,621.0,3069.0,3072.0,0.0,188.0
1359.0,1362.0,2751.0,2754.0,0.0,189.0
7293.0,7296.0,147.0,150.0,0.0,190.0
5775.0,5778.0,300.0,303.0,0.0,191.0
3936.0,3939.0,519.0,522.0,0.0,192.0
1899.0,1902.0,2565.0,2568.0,0.0,193.0
711.0,714.0,3015.0,3018.0,0.0,194.0
1926.0,1929.0,2565.0,2568.0,0.0,195.0
6267.0,6270.0,231.0,234.0,0.0,196.0
6981.0,6984.0,3588.0,3591.0,0.0,197.0
459.0,462.0,3207.0,3210.0,0.0,198.0
1458.0,1461.0,2652.0,2655.0,0.0,199.0
6576.0,6579.0,393.0,396.0,0.0,200.0
2262.0,2265.0,2394.0,2397.0,0.0,201.0
3648.0,3651.0,753.0,756.0,0.0,202.0
5670.0,5673.0,3783.0,3786.0,0.0,203.0
6909.0,6912.0,3678.0,3681.0,0.0,204.0
2940.0,2943.0,759.0,762.0,0.0,205.0
4215.0,4218.0,570.0,573.0,0.0,206.0
5847.0,5850.0,489.0,492.0,0.0,207.0
1566.0,1569.0,2712.0,2715.0,0.0,208.0
6606.0,6609.0,387.0,390.0,0.0,209.0
2184.0,2187.0,2367.0,2370.0,0.0,210.0
4674.0,4677.0,465.0,468.0,0.0,211.0
2835.0,2838.0,684.0,687.0,0.0,212.0
798.0,801.0,3042.0,3045.0,0.0,213.0
1524.0,1527.0,2709.0,2712.0,0.0,214.0
3009.0,3012.0,2013.0,2016.0,0.0,215.0
7197.0,7200.0,216.0,219.0,0.0,216.0
